RickOwens :: rickowens rickowensadidas rickowensonline rickowenssneakers rickowensxadidas rickowenslilies rickowensdrkshdw rickowensshoes rickowensdunks rickowensgeobasket 
CharvetPlaceVendome :: 
Hield :: hield hielda hieldelberg hieldsinhawaii hielden hielderberg hieldaromualdo hieldburg hieldsburg hieldberg 
DiorHomme :: diorhomme diorhommeintense diorhommesport diorhommejeans diorhommecologne diorhommes diorhommeparfum diorhommejake diorhommenotdiorhomie diorhommemij 
Columbia :: columbia columbiariver columbiasc columbian columbiarivergorge columbiauniversity columbiagorge columbia11 columbiaroad columbiarecords 
Et Vous :: etvous etvousnavezencorerienbu etvoustumaimes etvousquellessontvosenvies etvousvousfaitesquoi etvouscava etvouse etvousaussi etvouscetaitou etvouslebonheurvouslimaginezcomment 
Liz Claiborne :: lizclaiborne lizclaiborneph lizclaibornebag lizclaibornemalaysia lizclaibornewatch lizclaibornewallet lizclaibornephilippines lizclaibornebags lizclaibornepurse lizclaiborneshoes 
GeorgesHobeika :: georgeshobeika georgeshobeikacouture georgeshobeikahautecouture georgeshobeikabridal georgeshobeikateam georgeshobeikacollections georgeshobeikartw georgeshobeikacollection georgeshobeikasignature georgeshobeika2015 
HouseofFlora :: houseofflora houseoffloraofficial houseoffloral houseoffloravisor houseofflorahat houseofflorasamplesale houseoffloraldesigns houseoffloralobsession houseoffloraforppq houseoffloravideo 
Iceberg :: iceberg icebergs iceberglettuce icebergslim icebergsimpson iceberghistory iceberglake icebergsalad icebergrightahead icebergent 
Mudd :: mudd mudding muddy muddin muddy_puddles mudder muddywaters mudders muddybuddies mudderella 
Corneliani :: corneliani cornelianicollection cornelianight cornelianifashionshow cornelianiid cornelianistafe cornelianikazan cornelianirussia cornelianisuit cornelianimx 
Paul Fredrick :: paulfredrick paulfredrickdotcom paulfredricks paulfredricktie paulfredrickshirt paulfredrickshoes paulfredrickson paulfredricksdhoes paulfredrickties paulfredrickflow 
Etro :: etro etron etrog etromilano etroboafaltar etroberi etrolounge etrohome etroadie etromalaysia 
Linnanen :: linnanen linnanens 
Joe Boxer :: joeboxer joeboxers joeboxerpjs joeboxersocks joeboxercommercial joeboxerpillow joeboxercanada joeboxershorts joeboxerthecat joeboxerpajamas 
CommonProjects :: commonprojects commonprojectsachilles commonprojectsfootwear commonprojectsforsale commonprojectsshoes commonprojectshoes commonprojectsvintage commonprojectsneakers commonprojectswoman commonprojectswomen 
Steven Alan :: stevenalan stevenalanhome stevenalanoptical stevenalanjapan stevenalanss15 stevenalanatlanta stevenalanchelsea stevenalantribeca stevenalanlabrea stevenalanshowroom 
Olivier Strelli :: olivierstrelli olivierstrelliwatch olivierstrellie olivierstrellioblige olivierstrellijottschool olivierstrellishoes 
Blue Cult :: bluecult blueculturebullies blueculture bluecultblogg blueculturetribe bluecultjeans bluecultelite blueculturebulldogs bluecultdenim bluecults 
MichaelMichalsky :: michaelmichalsky michaelmichalskyshoes michaelmichalskyshow michaelmichalskystylenight michaelmichalskybeiladygaga michaelmichalskynight 
Quiksilver :: quiksilver quiksilverpro quiksilverrussia quiksilvermurah quiksilverdunsborough quiksilverph quiksilverprofrance quiksilvermalaysia quiksilverthailand quiksilver_ru 
NortonSons :: nortonsons 
KristallSmolensk :: kristallsmolensk 
AnnDemeulemeester :: anndemeulemeester anndemeulemeesterboots anndemeulemeestershoes anndemeulemeesterfall2015 anndemeulemeesterstyle anndemeulemeestermens2015 anndemeulemeesteraw15 anndemeulemeesterbook anndemeulemeesterblanche anndemeulemeesterss15 
Gianfranco Ferre :: gianfrancoferre gianfrancoferrehome gianfrancoferrefurs gianfrancoferrer gianfrancoferrekiev gianfrancoferresunglass gianfrancoferrefur2014 gianfrancoferresunglasses gianfrancoferre2014 gianfrancoferrekids 
HausAlkire :: hausalkire 
Duvelleroy :: duvelleroy duvelleroyfan duvelleroyxingejacobsen duvelleroybrasil 
Perry Landhaus :: perrylandhaus 
Marcia Grachvogel :: marciagrachvogel 
Jhane Barnes :: jhanebarnes jhanebarnesdesign jhanebarneseyewear jhanebarnessunglasses jhanebarnestie jhanebarnes_lyumax 
HJCaveSons :: 
Zanetti :: zanetti zanetti4ever zanettistory zanetti4 zanettiandfriends zanettiday zanetticapitano zanettimens zanettiforever zanettiandfriendsmatchforexpo 
Calvin Klein :: calvinklein calvinkleinjeans calvinkleinbag calvinkleinph calvinkleinunderwear calvinkleinmodel calvinkleincollection calvinkleinmalaysia calvinkleinlive calvinkleins 
BallyShoe :: ballyshoe ballyshoes ballyshoewalkin ballyshoesformen ballyshoewalking ballyshoesmen ballyshoegame ballyshoesph ballyshoessale ballyshoesman 
FrostFrench :: frostfrench frostfrenchfloozie frostfrenchbikini frostfrenchlingerie frostfrenchshirt frostfrenchfancies frostfrenchswimwear frostfrenchknickers 
AlexanderMcQueen :: alexandermcqueen alexandermcqueenscarf alexandermcqueenarchive alexandermcqueenclutch alexandermcqueenshoes alexandermcqueens alexandermcqueensavagebeauty alexandermcqueendress alexandermcqueenph alexandermcqueenbag 
ReemAcra :: reemacra reemacrabridal reemacrafw15 reemacrafeiworldcup reemacragown reemacrabride reemacradream reemacramystics reemacrabeauty reemacradress 
GianfrancoFerre :: gianfrancoferre gianfrancoferrehome gianfrancoferrefurs gianfrancoferrer gianfrancoferrekiev gianfrancoferresunglass gianfrancoferrefur2014 gianfrancoferresunglasses gianfrancoferre2014 gianfrancoferrekids 
LorenzoMerlino :: lorenzomerlino 
ChristianLacroix :: christianlacroix christianlacroixpapier christianlacroixmaison christianlacroix2013 christianlacroixcouture christianlacroixrouge christianlacroixnuit christianlacroixpaper christianlacroixambre christianlacroixbarinas 
Moschino :: moschino moschinocase moschinobarbie moschinobelt moschinobag moschinobear moschinomurah moschinotee moschinoreadytobear moschinolove 
DASCollection :: dascollection dascollections dascollectionoffice 
Cesarani :: cesarani cesaranibal cesaraniel cesaranitablian cesaraniandkinton cesaranimado cesaranimacao cesaranispilar cesaranino cesaranibalbarriaalveo 
HackettLondon :: hackettlondon hackettlondonmalaysia hackettlondonsd hackettlondonrd hackettlondonistanbul hackettlondonteam hackettlondonpanama hackettlondonfashionshow hackettlondonshow hackettlondonkualalumpur 
Nicole Miller :: nicolemiller nicolemillernyc nicolemillerbridal nicolemillerdress nicolemillermanayunk nicolemillerphiladelphia nicolemillersd nicolemillerhome nicolemillerbrasil nicolemillersoho 
Adeana Couture :: 
Marchesa :: marchesa marchesafashion marchesacasati marchesavoyage marchesanotte marchesabridal marchesaintpierre marchesaembroidery marchesadress marchesahandbags 
Agnes B :: agnesb agnesbhk agnesbcafe agnesbar agnesbruckner agnesbautumn agnesbrown agnesb_asia agnesbdelices agnesbvoyage 
Donna Karan :: donnakaran donnakarannewyork donnakarandkny donnakaranatelier donnakaranthewoman donnakaranny donnakarancollection donnakarancashmeremist donnakarandress donnakaransignature 
Salvatore J. Cesarani :: 
AlfredDunhillLtd :: 
GreatGreenlandFurhouse :: 
Adidas :: adidas adidasoriginals adidasmurah adidasoriginal adidasneo adidasrunning adidasdragon adidassuperstar adidasthailand adidasfootball adidasshoes adidassamba adidasneolabel adidaskids adidasskateboarding adidaszx adidasindonesia adidasgallery adidasgazelle adidaszxflux adidashk adidasmalaysia adidasori adidascewek adidasclimacool adidaswomen adidasph adidasdragonmurah adidasindo adidasboost adidasanak adidassoccer adidascasual adidasbasketball adidashamburg adidascowok adidasitaly adidasruning adidaspredator adidas_gallery adidasrunningmurah adidasf50 adidaszx750 adidasstansmith adidasvespa adidasvintage adidasmy adidass adidasgang adidassport 
MaxMara :: maxmara maxmaraweekend maxmaracoat maxmarafashiongroup maxmarastudio maxmarahk maxmaradress maxmaraflowers maxmaracube maxmarabag 
MauiJim :: mauijim mauijims mauijimsunglasses mauijimfan mauijimshades mauijimglasses mauijimita mauijimfilter mauijimevents mauijimputtingreen 
DolceGabbana :: dolcegabbana dolcegabbanabag dolcegabbanaofficial dolcegabbanakids dolcegabbanashoes dolcegabbanadress dolcegabbanasunglasses dolcegabbanalightblue dolcegabbanatheone dolcegabbanaalmaty 
J. Crew :: jcrew jcrewaddict jcrewstyle jcrewnecklace jcrewfactory jcrewforsale jcrewmurah jcrewobsessed jcrewinspired jcrewjewelry 
MartinMargiela :: martinmargiela martinmargielaforhm martinmargielahm martinmargielavintage martinmargielaarchive martinmargielawithhm martinmargielashoes martinmargiela22 martinmargielaxhm martinmargielaforh 
Perry Ellis :: perryellis perryellisph perryellis18 perryellis360 perryellisportfolio perryellisinternational perryellisamerica perryellisaqua perryellisshoes perryellisperfume 
Anna Osmushkina :: annaosmushkina 
Mariella Burani :: mariellaburani mariellaburanihim mariellaburaniparfum mariellaburanisposa mariellaburaninaturedhomme mariellaburaniboutique mariellaburanibaby mariellaburanicream mariellaburanispose 
Energie :: energie energies energiecardio energiedrink energiecottbus energietanken energieforme energiesarecontagious energiewende energiepositive 
Prada :: prada pradamini pradathailand pradasaffiano pradabag pradaalma pradawallet pradamurah pradalover pradanylon 
Madeleine Vionnet :: madeleinevionnet madeleinevionnetquote madeleinevionnetstyle madeleinevionnetforever madeleinevionnett madeleinevionnete 
Missoni :: missoni missonihome missonifortarget missonihotel missonimoments missonimare missonifortargetaus missoniinspired missonidress missonilindex 
Luxottica :: luxottica luxotticapressday luxotticadays luxotticagroup luxotticausa luxotticasg luxotticaretail luxotticabahia luxotticathailand luxotticasa 
Cerruti1881 :: cerruti1881 cerruti1881paris cerruti1881watch cerruti1881watches cerruti1881sport cerruti1881eyewear cerruti1881shooting cerruti1881jacket cerruti1881black cerruti1881pourfemme 
Swatch :: swatch swatches swatchwatch swatchmurah swatching swatcher swatched swatchoftheday swatchswiss swatchgirlspro 
Chanel :: chanel chanelboy chanelbag chanelclassic chanelmini chanelthailand chanellover chanelshoes chanelloverthailand chanelearrings 
Marianne Alvoni :: mariannealvoni 
DominiqueAurientis :: dominiqueaurientis 
VeroniqueBranquinho :: veroniquebranquinho veroniquebranquinho_ivcases veroniquebranquinhoshoes veroniquebranquinhoarchive veroniquebranquinhoaw15 
Rosner :: rosner rosnerwedding rosners rosnery rosnerroadtrip rosnertoyota rosnercarnegie rosnerkids rosnernissan rosnerbeachtrip2014 
Laura Ashley :: lauraashley lauraashleyaustralia lauraashleyhome lauraashleywallpaper lauraashleygirl lauraashleyuk lauraashleyhotel lauraashleyauswin lauraashleydressage lauraashleymakeup 
Land's End :: landsend landsendtrail landsendlookout landsendcanvas landsendlove landsendsf landsendstage landsendtojohnogroats landsends landsendlabyrinth 
Fila :: fila filan filam filadelfia filabrasileiro filament filanlar filas filabrasilero filagree filatelia filateli filarmonica filandia filakia filato filavintage filantropia filamtri filabr 
CharlotteOlympia :: charlotteolympia charlotteolympiashoes charlotteolympiamurah charlotteolympiaheels charlotteolympiakitty charlotteolympiadolly charlotteolympiaahoes charlotteolympiaheel charlotteolympiaflats charlotteolympiaclutch 
Migoscha :: migoscha migoschain migoschatos migoschainsnatched migoschallenge migoschainontour migoschains migoschangedmylife migoschannel migoscharteringmigos 
HugoBoss :: hugoboss hugobossorange hugobosshot hugobossperfume hugobossgreen hugobosswatch hugobossred hugobossthailand hugobossprboy hugobossman 
CutlerandGross :: cutlerandgross cutlerandgrossoflondon cutlerandgrosssunglasses cutlerandgrossgb cutlerandgrossthailand cutlerandgross0737 cutlerandgrosslondon cutlerandgross0734 cutlerandgrossforkanzaioptic cutlerandgrosseyewear 
BPStudio :: bpstudio bpstudios bpstudio1 bpstudioone bpstudioz 
Isaia :: isaia isaiah isaias isaiahrashad isaiah40 isaiah41 isaiahthomas isaiah43 isaiah53 isaiahwashington 
CharlieAllen :: charlieallen charlieallentailors charlieallenrenovations charlieallensport charlieallen804 charlieallens charlieallenthedog charlieallen_tailors charlieallen30yrs charlieallen30years 
LOEWE :: loewe loewee loewebag loewejwa loewenlive loewenkind loeweamazona loewen loewethailand loewemadrid 
Mataano :: mataano mataanofashionshow mataanovinha mataanotwins mataanobackstage mataanoxtstmkrs mataanos mataanossafome mataanona mataanoobay 
Anna Sui :: annasui annasuicase annasuithailand annasuihk annasuiforoneill annasuiperfume annasuiorganizer annasuimakeup annasuicosmetics annasuimurah 
Fanatic :: fanatic fanatics fanatica fanatico fanaticos fanaticasensual fanaticada fanaticdomain fanaticsup fanaticas 
AnaGonzalez :: anagonzalez anagonzalezart anagonzalez83 anagonzalezrojas anagonzalezinteriores anagonzalezduque anagonzalezphotography anagonzalezbello anagonzalezdiez anagonzalezng 
Mode Wichtig :: modewichtig 
Souad :: souad souadm souadmassi souadrenaline souadorador souadotada souadvogada souadivaquevcquercopiar souadivaquevocequercopiar souad_massi 
HamiltonJewelers :: hamiltonjewelers hamiltonjewelerspavilions hamiltonjewelersaroundtown 
FranckSorbier :: francksorbier francksorbiershow francksorbiercouture francksorbierhautecouture francksorbierblazer francksorbierfondation francksorbierhcs14 francksorbiershym 
Khaadi :: khaadi khaadikhaas khaadilawn khaadipret khaadihome khaadilove khaadikhas khaadikurta khaadikids khaadii 
CostelloTagliapietra :: costellotagliapietra costellotagliapietrany15 costellotagliapietrafw14 costellotagliapietrafall2013 costellotagliapietrafw15 costellotagliapietrass13byenkay costellotagliapietrastyle costellotagliapietra4life 
Cacharel :: cacharel cacharelipekesarp cacharela cacharelamoramor cachareltr cacharelru cacharelle cacharelparis cacharelamor cacharelnoa 
Pierre Garroudi :: pierregarroudi 
DAKS :: daks dakspicks daksh dakslondon daks2 daksha dakshi dakshin_production dakshinchitra dakshin 
Armani Exchange :: armaniexchange armaniexchangewatch armaniexchangemalaysia armaniexchangeshirt armaniexchangeglasses armaniexchangeth armaniexchangebelt armaniexchangesunglasses armaniexchangeshades armaniexchangeuk 
Brioni :: brioni brionistories brionisboutique brionisuit brionica brionithailand brionifashion brionis brionizilliboutiquetehran brionimoscow 
Balmain :: balmain balmainparis balmainarmy balmainhomme balmainjeans balmainiac balmainbiker balmainhair balmainlove balmainsunglasses 
CamillaandMarc :: camillaandmarc camillaandmarctenyears camillaandmarcpff2013 camillaandmarc10years camillaandmarcdress camillaandmarcs camillaandmarc5ways camillaandmarcsale camillaandmarcus camillaandmarctop 
Timberland :: timberland timberlands timberlandboots timberlandhk timberland_br timberlandshoes timberlandstyle timberlandmalaysia timberlandthai timberlandbkk 
APC :: apc apchem apc40 apcalc apc16 apckanye apcalculus apclasses apchemistry apcparis 
Munsingwear :: munsingwear munsingwearhk munsingwearpenguin munsingwearladies munsingweargrandslam munsingwearclassic munsingwearjaket munsingweargolf munsingweartie munsingwearpenguins 
Balenciaga :: balenciaga balenciagacity balenciagamini balenciagabag balenciagaarena balenciagathailand balenciagaminicity balenciagabracelet balenciagawallet balenciagashoes 
BrunelloCucinelli :: brunellocucinelli brunellocucinelli_kiev brunellocucinellioriginal brunellocucinelliauthentic brunellocucinellinew brunellocucinelliss2014 brunellocucinelli_odessa brunellocucinelli2014 brunellocucinellinm brunellocucinellibrilliance 
Joseph :: joseph josephmorgan josephgordonlevitt josephine josephboutique77 josephpilates josephcapriati josephkony josephinebaker josephadamjonas 
Bogner :: bogner bogneramplification bogneramps bognerfashion bognerski bognerkrasnodar bognersport bognershiva bogneramp bognerregis 
IRFE :: irfe irfeparis irfeistheiconofrussia irfeoutfit irfeen irfest irfestudio irfedress irfetheatricalcollection irfebag 
JohnVarvatos :: johnvarvatos johnvarvatosconverse johnvarvatosartisan johnvarvatosusa johnvarvatosstarusa johnvarvatosvintage johnvarvatossoho johnvarvatosthailand johnvarvatosmalibu johnvarvatosshoes 
DerekLam :: dereklam dereklamnyc dereklam10crosby dereklamb dereklamforkohls dereklamelodia dereklamus dereklamshoes dereklamdress dereklamskateboard 
Sinequanone :: sinequanone sinequanonebaku sinequanone_officiel sinequanoneaddict sinequanonedress sinequanoneparis sinequanoneph sinequanonehk sinequanonetop sinequanone4ever 
GuyLaroche :: guylaroche guylaroches guylarochethailand guylarocheparis guylarochewatch guylarochexmothersday guylarochewatchsg guylarochexperfectpair guylarochegiveaway guylarochewallet 
AnnaValentine :: annavalentine annavalentinestrend annavalentine2014 annavalentines 
Red or Dead :: redordead redordeadglasses redordeadlondon redordeadshoes redordeadproductions redordeadspecs redordeadjade redordeadboots redordeadbaby redordeadsunglasses 
Malo :: malo malove malossi malone malos maloqueira malote malota malou maloka 
Obrey :: obrey obreyn obreynmartell obreye obreyel obreyer obreya obreyork obreyberdsley obreynmartel 
JilSander :: jilsander jilsandernavy jilsanders jilsanderbangkok jilsandersun jilsanderbag jilsandereve jilsandershoes jilsandereyewear jilsanderstyle 
RabihKayrouz :: rabihkayrouz rabihkayrouze rabihkayrouz2015 rabihkayrouzstudio rabihkayrouzverawanglanvineliesaabpeuventattendre rabihkayrouzpourlaredoute 
Ecco :: ecco eccoci eccomi eccola eccolo eccoti eccoshoes eccomics eccociqua eccole 
JeanPaulGaultier :: jeanpaulgaultier jeanpaulgaultierexhibit jeanpaulgaultierexhibition jeanpaulgaultierforlindex jeanpaulgaultierclassique jeanpaulgaultierlemale jeanpaulgaultiervintage jeanpaulgaultierperfume jeanpaulgaultiercouture jeanpaulgaultiere 
ThomBrowne :: thombrowne thombrowneny thombrowneeyewear thombrownethailand thombrownesunglasses thombrownenewyork thombrownetb015 thombrowney thombrownesunglass thombrownenyc 
HardyAmies :: hardyamies hardyamiesaustralia hardyamies_aus hardyamieslondon hardyamiessummer hardyamieslcm15 hardyamieslcm hardyamiesaw14 hardyamieslndn hardyamiesmens2015 
Benetton :: benetton benettonbaby benettonkids benettonrugby benettonuae benettonru benettonhot benettoncold benettontreviso benettonph 
Thomas Brent :: thomasbrent thomasbrentthomas thomasbrenton thomasbrentclement 
BelleBunty :: bellebuntylondon 
Borsalino :: borsalino borsalinopeople borsalinohat borsalinoworld borsalinos borsalinohats borsalinoevents borsalino_world borsalinohatnight2014 borsalinooviedo 
Rocawear :: rocawear rocawearjeans rocawearshirt rocawearjacket rocawearbaby rocawearblak rocawearfit rocawearpoland rocaweardays rocawearshades 
Ozwald Boateng :: ozwaldboateng ozwaldboatengfashion ozwaldboatenggallery ozwaldboatengstudio ozwaldboatengsuit ozwaldboatengshow ozwaldboatengfabric ozwaldboatengshirts ozwaldboatengfilm ozwaldboatengcreation 
DanLiu :: danliu danliudesigner danliuphotobomb danliuphotography danlius danliu2014 danliuandthefuriousknives danliushoesofficial danliuzzisworstnightmare danliurpunmenetes 
Caraceni :: caraceni caracenilla caraceniza caraceniheadtotoe caracenimilano caracenidomenico caracenilla13 caracenillas 
Red Monkey :: redmonkey redmonkeyjeans redmonkeycompany redmonkeys redmonkeydesigns redmonkeytavern redmonkeysports redmonkeymedia redmonkeyhats redmonkeycorp 
Yves Saint Laurent :: yvessaintlaurent yvessaintlaurentmakeup yvessaintlaurentgarden yvessaintlaurentmovie yvessaintlaurentstyle yvessaintlaurentofficial yvessaintlaurentheels yvessaintlaurents yvessaintlaurentrivegauche yvessaintlaurenthandbag 
Raoul Dufy :: raouldufy raouldufydomineinsta raouldufyt raouldufyinspiration 
ClementsRibeiro :: clementsribeiro clementsribeiroswan clementsribeirojacket clementsribeirodress clementsribeiroswanss13holiday clementsribeiross13 clementsribeiroparka clementsribeiroforevans clementsribeirolove 
Fiorelli :: fiorelli fiorellini fiorellino fiorellita fiorellinomio fiorellina fiorellistyle fiorellibag fiorellinibelli fiorellin 
Michael Kors :: michaelkors michaelkorswatch michaelkorsbag michaelkorsmurah michaelkorsindonesia michaelkorsthailand michaelkorsoriginal michaelkorsori michaelkorsauthentic michaelkorsselma 
Kenzo :: kenzo kenzotiger kenzoparis kenzothailand kenzosweater kenzocase kenzotee kenzocap kenzotshirt kenzoeye 
MadCarpentier :: madcarpentier 
GiustoManettiBattiloro :: giustomanettibattiloro 
Marni :: marni marnie marniethedog marniathm marnier marnix marninecklace marniesimpson marniforhm marniflowermarket 
IsseyMiyake :: isseymiyake isseymiyakebaobao isseymiyakejapan isseymiyakerainbow isseymiyakethailand isseymiyakewatch isseymiyakebag isseymiyakecase isseymiyakemurah isseymiyakeperfume 
Louis Feraud :: louisferaud louisferaudparis louisferaudvintage louisferauddress louisferaudshirt louisferaudmonsieur louisferaudblouse louisferaudskirt louisferaudvontage louisferaudfurvest 
Halston :: halston halstonheritage halstonsage halstonette halstonhayes halstondare halstonchol halstonboywonder halstonam halstonrose 
Dockers :: dockers dockersdeck dockersonthego dockerswaterside dockerskhakis dockersofinstagram dockersbygerli dockersalpha dockersphfh13 dockersgijon 
DeanandDanCaten :: deananddancaten deananddancatenacci deananddancatens 
Agnesb :: agnesb agnesbhk agnesbcafe agnesbar agnesbruckner agnesbautumn agnesbrown agnesb_asia agnesbdelices agnesbvoyage 
Burton :: burton burtonsnowboards burtonguster burtonusopen burtons burtongirls burtonsnowboard burtonist burtoni burtonwintercatalog 
Esprit :: esprit espritarena espritdior esprite espritdeshe espritwatch espritscriminels espritdenoel espritdesign espritdiortokyo 
Fratelli Corneliani :: 
Christian Lacoix :: christianlacoix christianlacoixfabric christianlacoixcushion christianlacoixscarf 
CarolinaHerrera :: carolinaherrera carolinaherrerabag carolinaherrera212 carolinaherreraph carolinaherreraperfume carolinaherrerabride carolinaherrera212vip carolinaherreranewyork carolinaherrerany carolinaherrerach 
Oky-coky :: okycoky okycokyshop okycokyastana okycokycontest okycokydress okycokylovewhite okycokywl okycokyblog okycokyloxygene 
BottegaVeneta :: bottegaveneta bottegavenetabracelet bottegavenetabag bottegavenetabags bottegavenetawallet bottegavenetabelt bottegavenetawallets bottegavenetahobo bottegavenetahandbag bottegavenetaknotclutch 
Fendi :: fendi fendibag fendipeekaboo fendi2jours fendimonster fendibelt fendibags fendikarlito fendi3jours fendimurah 
BodyMap :: bodymap bodymapping bodymaposlo bodymaps bodymapsseries bodymapsequence bodymapoiani bodymapcreations bodymapped bodymaping 
Cutter & Buck :: cutterbuck cutterbuckkk cutterbucks cutterbuckmkw cutterbuckpipo cutterbucksitdown cutterbuckhats 
WendyDagworthy :: wendydagworthy wendydagworthys 
Tommy Hilfiger :: tommyhilfiger tommyhilfigerph tommyhilfigerbags tommyhilfigerwatch tommyhilfigerbag tommyhilfigershoes tommyhilfigerdenim tommyhilfigerhk tommyhilfigerkids tommyhilfigerphilippines 
Ecko :: ecko eckounltd eckored eckounlimited eckoshirt eckounited eckountld ecko_unltd eckopark eckold 
Lanvin :: lanvin lanvinparis lanvinnecklace lanvinmurah lanvinshoes lanvins lanvinenbleu lanvinsneakers lanvinofficial lanvineclat 
RobertoCavalli :: robertocavalli robertocavallivodka robertocavallihome robertocavalliss15 robertocavallijunior robertocavallibag robertocavallidress robertocavallisunglasses robertocavalliclub robertocavallithailand 
CommedesGarcons :: commedesgarcons commedesgarconsplay commedesgarconshommeplus commedesgarconsshirt commedesgarconsthailand commedesgarconshomme commedesgarconscommedesgarcons commedesgarconsblack commedesgarconsph commedesgarconshommedeux commedesgarconsplayshirt commedesgarconshirt commedesgarconsjapan commedesgarconsplayshirtph commedesgarconssale commedesgarconsmanila commedesgarconscardigan commedesgarconsshirts commedesgarconsforsale commedesgarconstshirt commedesgarconsofficial commedesgarconstopmirror commedesgarconsxsupreme commedesgarconsjunyawatanabeman commedesgarconsparfums commedesgarconswallet commedesgarconsplays commedesgarcons古着 commedesgarconsplaycelebrity commedesgarconsplaymanila commedesgarconstricot commedesgarconsgirl commedesgarconsplayphilippines commedesgarconshommeduex commedesgarconspolo commedesgarconsplus commedesgarconsi commedesgarconsxconverse 
Camal Gori :: 
KitandAce :: kitandace kitandaceyeg kitandacesf kitandacexniche kitandacenyc kitandaceyyc kitandaceto kitandacemega2365 kitandacedotexas kitandacestreetstyle 
JohnGalliano :: johngalliano johngallianokids johngallianoisback johngallianoformaisonmargiela johngallianofall2015 johngallianoshow johngallianodress johngallianobaby johngallianoarchive johngallianogirls 
NetaPorter :: netaporter netaportervacationcomp netaportersale netaporterreporter netaporterfrontrow netaporterxrs netaportermagazine netaporterrussia netaportercom netaporterbeauty 
Todd Oldham :: toddoldham toddoldhamjeans toddoldhamdress toddoldhamshoes toddoldhamcollection toddoldhamstudio toddoldhamwaseverything toddoldhamlove toddoldham👖 toddoldhamfashions 
BCBG :: bcbg bcbgmaxazria bcbgeneration bcbggeneration bcbgdress bcbgmoment bcbgshoes bcbgmaxazaria bcbgx25 bcbgirls 
TomFord :: tomford tomfordbeauty tomfordlipstick tomfords tomfordmakeup tomfordsunglasses tomfordthailand tomfordcosmetics tomfordglasses tomfordeyewear 
Colcci :: colcci colccilovers colccioficial colccispfw colccilover colccifun colccieyewear colccivixvv colccichapeco colccishoppingdailha 
JasperConran :: jasperconran jasperconranjunior jasperconrandress jasperconranbag jasperconranwedgwood jasperconranbaby jasperconrantisbury jasperconranglasses jasperconrans jasperconrankids 
Levi's :: levis levisstadium levistadium levis501 levisjeans levistrauss levismurah levisbirthdaygiveaway levisvintageclothing levishorts 
Speedo :: speedo speedos speedometer speedoflight speedofsound speedoboy speedoffroad speedoselfie speedogay speedoflife 
BadgleyMischka :: badgleymischka badgleymischkashoes badgleymischkabride badgleymischkadress badgleymischkabridal badgleymischkas badgleymischkagown badgleymischkacouture badgleymischkabag badgleymischkaheels 
OxxfordClothes :: oxxfordclothes oxxfordclothesflagship 
Childrensalon :: childrensalon childrensalonn childrensalonnstore childrensalonspecials childrensalonatl childrensaloninmd childrensalonrus childrensalon_arabic childrensalonhq childrensalonnteam 
NeilBarrett :: neilbarrett neilbarrettss15 neilbarrette neilbarrettcelebs neilbarretttee neilbarrettaw15 neilbarrettsweatshirt neilbarrettshoes neilbarrettshirt neilbarrett48hrsinhk 
CarlosMiele :: carlosmiele carlosmieleoficial carlosmieleefashionme carlosmielejeans carlosmielebr carlosmieleatelier carlosmielecidadejardim carlosmielerecife carlosmieless14 carlosmielefashionme 
AndrewMarc :: andrewmarc andrewmarcum andrewmarcela2013 andrewmarcus andrewmarcela2014 andrewmarcshoes andrewmarcxlindsayluv andrewmarcxrichardchai andrewmarcussyrstead andrewmarcnewyork 
JaneCarr :: janecarr janecarrtrick janecarrhomme janecarrey janecarr_official janecarrousel janecarrstudio janecarratharrods janecarrot janecarrscarf 
Chloe :: chloe chloelukasiak chloeandisabel chloegracemoretz chloemoretz chloeisbeautiful chloes chloelukasiak33 chloebennet chloebag 
Kiton :: kiton kitone kitonediet kitondonna kitong kitonga kitonshoes kitonia_fashion kitongo kitonpoint 
Sonia Rykiel :: soniarykiel soniarykielmaison soniarykielenfant soniarykielss15 soniarykielparis soniarykielbag soniarykielbeaute soniarykielkids soniarykielshowroom soniarykielshoes 
Oroton :: oroton orotonautumn15 orotonxrosebyrne orotonbag orotonlove orotonwallet orotonneon orotonsale oroton4mum orotonvintage 
LaMartina :: lamartina lamartinacampinas lamartinapolo lamartinabar lamartinah lamartinamonroe lamartinauae lamartinakwt lamartinacidadejardim lamartinalasvegas 
Christian Dior :: christiandior christiandiorbag christiandiorshoes christiandiorsunglasses christiandiorlover christiandioraddict christiandiorhandbag christiandiorbags christiandiordenimflow christiandiorparis 
LOVA :: lova lovatic lovato lovatics lovable lovaticforever lovalova lovaticforlife lovaticfamily lovabull 
DirkBikkembergs :: dirkbikkembergs dirkbikkembergsparty dirkbikkembergsoutlet dirkbikkembergsman dirkbikkembergsodessa dirkbikkembergswomen dirkbikkembergskids dirkbikkembergsevent dirkbikkembergsshoes dirkbikkembergsfrozenparty 
XanderKostroma :: xanderkostroma 
AlexandreHerchcovitch :: alexandreherchcovitch alexandreherchcovitch20anos alexandreherchcovitchmen alexandreherchcovitchparatokstok alexandreherchcovitchnadecoração alexandreherchcovitchart alexandreherchcovitchi alexandreherchcovitchnaunit alexandreherchcovitch20years 
MalanBreton :: malanbreton malanbretonhomme malanbretonbridal malanbretonnyfw malanbretonss15 malanbretonhommenyfw malanbretonshow malanbretondress malanbretonfashionshow malanbretonecrunewyork 
JLindeberg :: jlindeberg jlindebergjournal jlindeberggolf jlindebergwoman jlindebergski jlindebergmbfw jlindebergsg jlindebergcanada jlindebergthailand jlindebergpeople 
GievesHawkes :: gieveshawkes 
CarrerayCarrera :: carreraycarrera carreraycarreraвмадриде carreraycarrerarus carreraycarrerasummer carreraycarreraenmadrid carreraycarrera_spb carreraycarreraofficial carreraycarrerasurcadordeilusiones carreraycarrera_official carreraycarrerapanther 
Gravati :: gravati gravatinha gravatinhas gravatinhaborboleta gravation gravatinhadobrasil gravatinhaspet gravatiasonia gravatino gravatinhadenatal 
Austin Reed :: austinreed austinreedfootball austinreedisone austinreedsigg austinreeduk austinreedy austinreeds austinreedcrew austinreedwilliams austinreedsuit 
Hansengross :: 
Wrangler :: wrangler wranglers wranglerjk wranglerunlimited wranglercountry wranglerjeans wranglernation wranglersunchaser wranglerbutts wranglertj 
MarioHernandez :: mariohernandez mariohernandezshoes mariohernandez2013 mariohernandezrus mariohernandezbag mariohernandezrussia mariohernandezcake mariohernandezesarte mariohernandez2014 mariohernandezdiputadosuplente 
Bisou-Bisou :: bisoubisou bisoubisous bisoubisoupink bisoubisoubisou bisoubisoutaiwan bisoubisou💋💋 bisoubisouthailand bisoubisouolga bisoubisouu bisoubisougoestoprague 
Larusmiani :: larusmiani larusmiani_official larusmianiphotobooth larusmianispecialcottonforgoosetechlining larusmianispecialcottoninlining larusmianimilano larusmianiwomencollection larusmianistore larusmianimoments larusmianiteam 
Exte :: exte extensions exterior extension extendo extentions exterminate extended exteriordesign extendedfamily 
OzwaldBoateng :: ozwaldboateng ozwaldboatengfashion ozwaldboatenggallery ozwaldboatengstudio ozwaldboatengsuit ozwaldboatengshow ozwaldboatengfabric ozwaldboatengshirts ozwaldboatengfilm ozwaldboatengcreation 
Savane :: savane savaneta savanero savanehri savanes savanedespetrifications savaneti savaneh savanelli savaneafricaine 
MarvinOduber :: marvinoduber 
Hugo Boss :: hugoboss hugobossorange hugobosshot hugobossperfume hugobossgreen hugobosswatch hugobossred hugobossthailand hugobossprboy hugobossman 
Fiorucci :: fiorucci fioruccidue fiorucciduetiaspetta fiorucciarttrust fiorucciii fioruccimademehardcore fiorucciitaly fioruccienea fiorucciartrust fioruccifriday 
Armani :: armani armaniexchange armanijeans armaniwatch armanicode armaniprive armanithailand armanihotel armanijunior armanibaby armanibeauty armanicollezioni armanicafe armanifollowtrain armanishades armanibag armaniglasses armaniprivé armanimakeup armanixchange armanie armaniclub armanicaffe armania armanicosmetics armanicasa armanisilos armaniprivè armanisi armanijean armanikids armanii armanis armanisunglasses armanishirt armanisaat armaninpesinde armanihoteldubai armanin armanidolci armaniwatches armanidiamonds armanisuit armanishoes armanimania armanian armanimens armaniexchangewatch armani_exchange armanidubai 
MiuMiu :: miumiu miumiushoes miumiuthailand miumiusunglasses miumiubag miumiucase miumiushopz miumiuclutch miumiushoe miumiubags 
KatieGallagher :: katiegallagher katiegallagherss15 katiegallaghershow katiegallaghers katiegallagherfashionshow katiegallagherxuo katiegallaghercannyscoop katiegallagherinc katiegallagherw katiegallaghermountain 
StellaMcCartney :: stellamccartney stellamccartneyshoes stellamccartneykids stellamccartneybag stellamccartneyforadidas stellamccartneyparacea stellamccartneyadidas stellamccartneydress stellamccartneyfalabella stellamccartneylingerie 
Guess :: guess guess guesswho guessmurah guessori guessbag guesswatch guessoriginal guesswhat guessthesong 
YvesSaintLaurent :: yvessaintlaurent yvessaintlaurentmakeup yvessaintlaurentgarden yvessaintlaurentmovie yvessaintlaurentstyle yvessaintlaurentofficial yvessaintlaurentheels yvessaintlaurents yvessaintlaurentrivegauche yvessaintlaurenthandbag 
BeulahLondon :: beulahlondon beulahlondoncoat beulahlondonfrenchsole 
KarenKane :: karenkane karenkanedress karenkanepantsarethebest karenkaneiseverywhere karenkaneoutletcamarillo karenkanejewelry karenkaneoutletcabazon karenkaneclothing karenkanepuertorico karenkanefall14 
AndresSarda :: andressarda andressardambfwm andressarda_mbfwm andressardas andressardaswim andressardalingerie andressardatahiti andressardadesfile andressardaairlines andressardabackstage 
Pelle Pelle :: pellepelle pellepelleboyz pellepelleeu pellepellenation pellepelleus pellepelleclothing pellepelle4life pellepelleleather pellepellegang pellepellejacket 
BillBlassGroup :: billblassgroup 
Claiborne :: claiborne claibornefarm claiborneandchurchill claiborneprom2014 claibornecounty claibornefarms claibornewedding2013 claibornepellbridge claibornelime claibornepell 
OshKosh B'Gosh :: oshkoshbgosh oshkoshbgoshph oshkoshbgoshbaby oshkoshbgoshmurah oshkoshbgoshresale oshkoshbgoshori oshkoshbgoshoveralls oshkoshbgoshkid oshkoshbgoshmalaysia oshkoshbgoshswag 
Bernshaw :: bernshaw bernshawlovesit bernshawdress bernshawloves bernshaw1 bernshawedding bernshawdresses bernshawfabric bernshaws bernshawcapedress 
Nogara :: nogara nogarage nogaragequeen nogaravin nogaragequeens nogarageproblems nogaragequeenhere nogaram nogarami nogaransi 
Benoit-PierreEmery :: benoitpierreemery 
JimmyChooLtd :: jimmychooltd jimmychooltdheels jimmychooltdinspired 
Roberto Angelico :: 
Bontoni :: bontoni bontonist bontonitalie bontonitaly bontonishoes bontonian bontonideas bontonicalgarden bontonite bontonians 
Bonia :: bonia boniamurah boniaori boniamalaysia boniawatch boniaoriginal boniabag boniafloral boniawatches bonialventauthenticstuff 
Jitrois :: jitrois jitroisparis jitroisnyc jitroismadisonave jitroisstudio jitroiscannes jitroismadison jitroislondon jitroisparty jitroisleather 
Goyard :: goyard goyardbag goyardbags goyardstlouis goyardwallet goyardparis goyardph goyardtote goyardclutch goyardthailand 
Everlast :: everlast everlasting everlastingfriends everlastinglove everlastingfriend everlastinglife everlastingseouls everlastingbeauty everlastingfriendship everlastingmemories 
Jenny Hoo :: jennyhoo jennyhookeditup jennyhood jennyhooplejewelry jennyhoots jennyhookups jennyhooker jennyhooksmeup jennyhookedmeup jennyhook 
Marimekko :: marimekko marimekkoglobal marimekkolife marimekkothailand marimekkodubai marimekkoinspired marimekkolove marimekkohome marimekkokids marimekkobuddy 
FFACE :: fface ffacess ffacedrawing ffacebook ffaces ffaceit fface_it ffacenter ffaceditingcontest2 ffacetime 
Marly's :: marlys marlystudios marlystreep marlyssa marlyse marlysangels marlysmellowmood marlysangel marlysparacords marlyson 
DamaniDada :: damanidada damanidadasupremeteam damanidadaism damanidadaclothingco damanidadatop 
Fubu :: fubu fubuki fubukishirou fubuph fubus fubufriday fubukiatsuya fubushirt fubujersey fububu 
Izod :: izod izodcenter izodanslevaisseau izodlacoste izodindycarseries izodindycar izodgolf izodfam izodshirt izodph 
Oxygen :: oxygen oxygencell oxygenbar oxygenmagazine oxygene oxygencellnina oxygengym oxygencream oxygenmask oxygenmag 
Jennifer Lopez :: jenniferlopez jenniferlopezcollection jenniferlopezstyle jenniferlopezforever jenniferlopezconcert jenniferlopezbbmas jenniferlopezfan jenniferlopezfans jenniferlopezfashion jenniferlopezperfume 
MarinaRinaldi :: marinarinaldi marinarinaldimr marinarinaldi_perm marinarinaldi_kazan marinarinaldiplusmodel marinarinaldispb marinarinaldikazan marinarinaldilondon marinarinaldisport marinarinaldifw2015 
DonnaKaran :: donnakaran donnakarannewyork donnakarandkny donnakaranatelier donnakaranthewoman donnakaranny donnakarancollection donnakarancashmeremist donnakarandress donnakaransignature 
Mango :: mango mangos mangobag mangoes mangoori mangomurah mangosteen mangooriginal mangotouch mangothailand 
ModernCreationMunich :: moderncreationmunich moderncreationmunichtotebag moderncreationmunichswagg moderncreationmunich〽️©〽️ moderncreationmunichbelt moderncreationmunich💎👑👌 moderncreationmunich👖 
LKBennett :: lkbennett lkbennettlondon lkbennettazerbaijan lkbennettshoes lkbennettbaku lkbennett_baku lkbennettportbakumall lkbennetts lkbennette lkbennettfashions 
MaryKatrantzou :: marykatrantzou marykatrantzoulive marykatrantzoudress marykatrantzouxadidas marykatrantzouforadidas marykatrantzouparaanapaula marykatrantzouxadidasoriginals marykatrantzouadidas marykatrantzouatilprato marykatrantzou2013 
Burberry :: burberry burberrythailand burberrywatch burberryprorsum burberrybag burberrybrit burberrymurah burberrylondon burberryscarf burberryshirt 
MoniqueLhuillier :: moniquelhuillier moniquelhuillierbride moniquelhuillierbridal moniquelhuillierdress moniquelhuilliergown moniquelhuillierbliss moniquelhuillierbridesmaids moniquelhuillierat51east moniquelhuillierweddingdress moniquelhuillierwomen 
Lagos :: lagos lagosta lagosul lagosdemoreno lagostabronzeada lagosnigeria lagosliving lagosdecovadonga lagosparty lagoslife 
Lee Yau :: leeyau leeyaum leeyaungaye leeyautungwhyyousolengzai leeyausum leeyaunnie leeyaummi leeyaung 
CuteCircuit :: cutecircuit cutecircuite cutecircuits cutecircuitlovesnewyork cutecircuitclothing cutecircuitboard 
Puma :: puma pumas pumalife pumasuede pumamurah pumamalaysia pumadisc pumafootball pumashoes pumasuedes 
Russell :: russell russellwilson russellwestbrook russellbrand russellcrowe russellhoward russellpeters russellstover russellsimmons russellandbromley 
Pierre Cardin :: pierrecardin pierrecardinmurah pierrecardinbra pierrecardinipekesarp pierrecardine pierrecardinoriginal pierrecardinesarp pierrecardinwatch pierrecardinmobilia pierrecardini 
Diesel :: diesel dieselpower dieseltrucks diesellife diesels dieseltruck dieselwatch dieselporn dieseljeans dieselnation 
ArefehMansouri :: arefehmansouri 
Bulgari :: bulgari bulgaria bulgarian bulgariangirl bulgarien bulgaristan bulgarianboy bulgariaofficial bulgarie bulgarije 
Lacoste :: lacoste lacosteph lacostemurah lacostelive lacostebags lacostebag lacosteauthentic lacostebagsph lacosteonsale lacostephilippines 
DegeSkinner :: degeskinner 
ErmannoScervino :: ermannoscervino ermannoscervinojunior ermannoscervinofrance ermannoscervinoshow ermannoscervinofashionshow ermannoscervinokiev ermannoscervinobag ermannoscervinodress ermannoscervinobeachwear ermannoscervinoразгрузигардероб 
Kenneth Cole / Reaction :: kennethcolereaction kennethcolereactionph kennethcolereactionbag kennethcolereactionwallet kennethcolereactions kennethcolereactionwatch kennethcolereactionbelt kennethcolereactionshoes kennethcolereactionboots kennethcolereactionpurse 
ChristianDiorSA :: christiandiorsale christiandiorsaddlebag christiandiorsandals christiandiorsafiano christiandiorsandles christiandiorsaffiano christiandiorsales christiandiorsandal christiandiorsavage1 christiandiorsavauge1 
Oneill :: oneill oneills oneillwomens oneillgirls oneillcwc oneillstylemuse oneillwetsuits oneilladventure oneillspprime oneillbenelux 
CymaWatches :: cymawatches 
OscarandJesus :: oscarandjesus oscarandjesusquotes 
Hermes :: hermes hermeskelly hermesbirkin hermesbag hermeslindy hermesthailand hermeslover hermesmurah hermesconstanse hermesaddict 
BellvilleSassoon :: bellvillesassoon bellvillesassoonexhibition bellvillesassoons 
HelmutLang :: helmutlang helmutlangarchive helmutlangvintage helmutlangbuckhead helmutlangskirt helmutlangjacket helmutlangdress helmutlangtop helmutlangxuniqlo helmutlangjeans 
AlteresKiss :: 
LouisVuitton :: louisvuitton louisvuittonthailand louisvuittonbag louisvuittonspeedy louisvuittonbelt louisvuittonlover louisvuittonwallet louisvuittonbags louisvuittonmonogram louisvuittonparis 
HeavyEco :: heavyeco heavyecodriving heavyeconbook 
Fia Miami :: fiamiami fiamiamibound 
John Smedley :: johnsmedley johnsmedleyknitwear johnsmedleyss14 johnsmedleys johnsmedleytour johnsmedleywomen johnsmedleypolo johnsmedleycardigan johnsmedleystyle johnsmedleyと 
Aeffe S.P.A :: aeffespa 
MichaelKors :: michaelkors michaelkorswatch michaelkorsbag michaelkorsmurah michaelkorsindonesia michaelkorsthailand michaelkorsoriginal michaelkorsori michaelkorsauthentic michaelkorsselma 
Club Monaco :: clubmonaco clubmonacomotor clubmonacosg clubmonacoleggings clubmonacohk clubmonacolondon clubmonacostyle clubmonacoman clubmonacorideau clubmonacodress 
Paul Smith :: paulsmith paulsmiththailand paulsmithwallet paulsmithbag paulsmithdesign paulsmiths paulsmithjapan paulsmithjunior paulsmithbelt paulsmithjeans 
Norma Kamali :: normakamali normakamaliskirt normakamaliswim normakamaliswimwear normakamaliresort normakamaliactive normakamalidress normakamaliswimsuit normakamalisweats normakamalivintage 
Gianni Versace :: gianniversace gianniversacecouture gianniversacehouse gianniversacemansion gianniversacesunglasses gianniversacebag gianniversacevintage gianniversacemurah gianniversaceshades gianniversacesunglass 
Akris :: akris akrispunto akrispfw akristieawesomepic akristenpassioneditcontestt akristingreenesalon akrist akrisofficial akristenpassionspromogroup akrisfw14 
Oilily :: oilily oililyworld oililykids oililybags oililykuwait oililyliebe oililybag oililygirls oililyusa oililythailand 
Sisley :: sisley sisleyparis sisleychoi sisleythailand sisleyusa sisleycosmetics sisleyfashion sisleylook sisleya sisleykhv 
Lee :: lee leeyum leeds leeminho leeteuk leedonghae leejongsuk leetaemin leer leejinki 
Damiani :: damiani damianivan damianisepic damianisaiah damianism damianizando damianito damianijewelry damianisaac damianierossi 
FreyWille :: freywille freywillestyle freywillewam freywilleru freywillefake freywilleusa freywilleislove freywillefrance freywilleshvilli freywillering 
Babette Waserman :: babettewaserman 
Vokal :: vokal vokalis vokalist vokalmatador vokaloid vokalishyperact vokalbukansekadarrupa vokal2 vokalgrup vokals 
MadeleineVramant :: madeleinevramant 
Crolla :: crolla crollare crollato crollata crollas crollando crollatutto crollano crollati crollate 
Cartier :: cartier cartierlove cartierbracelet cartierlovebracelet cartierwatch cartierring cartiernecklace cartierlovering cartierph cartiernail 
NinaRicci :: ninaricci ninaricciperfume ninariccibag ninariccimaison ninaricciparis ninaricciparfum ninariccibkciang ninariccimurah ninariccimarche ninariccinina 
FridaGiannini :: fridagiannini fridagianninigenius fridagianninis fridagianninidesigne fridagianninileavinggucci fridagianninikilledit fridagianniniguccicreativedirector fridagianninidobtdoblaclfaces fridagianniniforsalvationarmy fridagianniniwouldbeproud 
Ellesse :: ellesse ellesseheritage ellesserimini ellesse1113 ellesseitalia ellesse84 ellessevintage ellessereconnaitront ellesseph ellessejacket 
ReemAlasadi :: reemalasadi 
Zero :: zero zerosecondninja zerofucksgiven zerofucks zerotolerance zerogravity zerocalories zero_g_fitness zerodarkthirty zerowaste 
Celine :: celine celinebag celinetrapeze celinedion celinenano celineluggage celineparis celinephantom celineboston celinemurah 
KarlLagerfeld :: karllagerfeld karllagerfeldtee karllagerfeldasli karllagerfeldt karllagerfeldwatch karllagerfeldstore karllagerfeldhediye karllagerfeldwatches karllagerfeldquotes karllagerfeldbarbie 
Ralph Lauren :: ralphlauren ralphlaurenthailand ralphlaurenpolo ralphlaurenshirt ralphlaurent ralphlaurenthai ralphlaurenbaby ralphlaurenkids ralphlaurenlover ralphlaurenth 
Courrages :: courrages courragesarah courragesbag courragess 
Nike :: nike nikeplus nikeairmax nikerunning nikesb nikes nikeair niketalk nikefree nikemurah nikeid nikeshoes nikerosherun nikerun nikewomen nikebasketball nikeairmax90 nikefootball nikeairmaxmurah nikefreerun nikepro nikefuel nikeflyknit nikeairmaxthea nikeph nikethailand nikeoriginal nikeroshe nikeairmax1 nikecewek nikesocks nikehk nikerunningmurah nikegolf nikesportswear nikefuelband nikeelite nikeallday niketown nikeairforce nikecowok nikewoman nikeori nikesoccer nikeindonesia nikeairmaxone nikethea nike_sbholic nikeindo nikehead 
Converse :: converse conversemurah converses converseallstar converseori converseoriginal converseshoes conversegradeori conversehigh converselow 
Fruit of the Loom :: fruitoftheloom fruitofthelooms fruitoftheloomjakarta fruitoftheloomboxers fruitoftheloomindonesia fruitoftheloommodel fruitoftheloombands fruitoftheloomph fruitoftheloomfriday fruitoftheloomunderwear 
HollyFulton :: hollyfulton hollyfultonforradley hollyfultonss15 hollyfultonss13 hollyfultondress hollyfultonhoundstoothprinteddress hollyfultonlimitededition hollyfultonstudio hollyfultonaw13 hollyfultoninhk 
DianevonFurstenberg :: dianevonfurstenberg dianevonfurstenbergdress dianevonfurstenbergs dianevonfurstenbergbag dianevonfurstenbergshoes dianevonfurstenbergкупить dianevonfurstenbergexhibit dianevonfurstenbergclutch dianevonfurstenbergforsale dianevonfurstenbergtop 
La Perla :: laperla laperlalingerie laperladelcaribe laperlanegra laperladelsur laperladelpacifico laperlanera laperladelgiorno laperlatapatia laperlamakeup 
Versace :: versace versaceversace versaceversaceversace versaceshoes versacebelt versaceshades versacemansion versaceglasses versacefollowtrain versacecollection 
KevanHall :: kevanhall kevanhallsport kevanhalldesigns kevanhalldesign kevanhallfashion kevanhallwhitelabel kevanhallcollection kevanhallshowroom kevanhallspringcollectionshow kevanhallsports 
Escada :: escada escadaria escadariaselaron escadas escadanutricional escadariaselarón escadacherry escadarolante escadasport escadariadalapa 
Eddie Bauer :: eddiebauer eddiebaueredition eddiebauerbaby eddiebauerph eddiebauercarseat eddiebauers eddiebauerjacket eddiebauerhighchair eddiebauervest eddiebauertaskforce 
L.L Bean :: llbean llbeanboots llbeantote llbeanトート llbeansignature llbeanpets llbeans llbeanmoment llbeanboot llbeanslippers 
HusseinChalayan :: husseinchalayan husseinchalayanxpuma husseinchalayanpuma husseinchalayanforpuma husseinchalayanarchive husseinchalayan💗 husseinchalayan1998 husseinchalayanshoes husseinchalayanss13 husseinchalayandownthere 
Aquascutum :: aquascutum aquascutumscarf aquascutumlondon aquascutumcap aquascutumshirt aquascutumhat aquascutumoflondon aquascutumlcm aquascutumn aquascutumjacket 
Gucci :: gucci guccibag guccimane guccibelt guccithailand guccishoes guccimurah guccithai gucciwatch gucciguilty 
Body Glove :: bodyglove bodyglovegirl bodyglove53 bodygloves bodygloveth bodygloveteam bodyglovebreathe bodyglovewetsuits bodyglovenz bodygloveoutdoor 
Marc Jacobs :: marcjacobs marcjacobswatch marcjacobsthailand marcjacobscase marcjacobsbeauty marcjacobsbag marcjacobsdaisy marcjacobswatches marcjacobshk marcjacobsmurah 
JeremiePauzie :: 
Southpole :: southpole southpolep southpoleelf southpoleairsoft southpoleshirt southpolejacket southpolejeans southpoleinn southpoleswag southpole34 
Pepe Jeans :: pepejeans pepejeanslondon pepejeanscustomstudio pepejeansthailand pepejeansexperience pepejeansbrno pepejeansracing pepejeansgyfa pepejeans_js pepejeansshoes 
TomasMaier :: tomasmaier tomasmaiercruiseresort2015 tomasmaierswimwear tomasmaiercandle tomasmaiercollaboration tomasmaiercollaberation tomasmaierxdiptyque tomasmaierjacket tomasmaiergenius tomasmaierisgod 
Dolce & Gabbana :: dolcegabbana dolcegabbanabag dolcegabbanaofficial dolcegabbanakids dolcegabbanashoes dolcegabbanadress dolcegabbanasunglasses dolcegabbanalightblue dolcegabbanatheone dolcegabbanaalmaty 
Giorgio Armani :: giorgioarmani giorgioarmanibeauty giorgioarmanicosmetics giorgioarmanimakeup giorgioarmanisi giorgioarmanithailand giorgioarmanifoundation giorgioarmaniprive giorgioarmaniturkiye giorgioarmaniperfume 
Paul Shark :: paulshark paulsharkrostov paulsharkkazan paulsharkpolo paulsharkhk paulsharkyachting paulsharkwoman paulshark_brands_for_mens paulsharkofficial paulsharkopening 
Cerruti :: cerruti cerruti1881 cerrutishawl cerrutideluxe cerrutigeorgette cerrutideluxegergottemurah cerrutipolos cerrutidiamond cerrutimotif cerrutichiffon 
NigelCabourn :: nigelcabourn nigelcabournwoman nigelcabournsnap nigelcabournauthentic nigelcabourne nigelcabournjapan nigelcabournwomen nigelcabourn_woman nigelcabournwomens nigelcabournxconverse 
Vans :: vans vansmurah vansoffthewall vanswarpedtour vansauthentic vansera vansshoes vansofthewall vanshead vansoldskool 
Helly Hansen :: hellyhansen hellyhansenpanama hellyhansenvzla hellyhansenextremo hellyhansenjacket hellyhansenvenezuela hellyhansenwhistler hellyhansenrd hellyhansenshoes hellyhansenworkwear 
Z. Cavaricci :: zcavaricci zcavariccis zcavariccijeans zcavariccipants zcavariccishorts zcavariccidays zcavaricciwasourjam zcavaricciwasthestyle zcavariccishirt zcavariccilife 
Givenchy :: givenchy givenchyantigona givenchybag givenchyparis givenchymurah givenchytee givenchythailand givenchypandora givenchybambi givenchynightingale 
Mulberry :: mulberry mulberrybag mulberryalexa mulberrystreet mulberryst mulberrybayswater mulberrymountain mulberrythailand mulberrytree mulberrylily 
Nancy Lord :: nancylord 
Avirex :: avirex avirexjacket avirexusa avirexleather avirextweedride avirex_jp avirexjackets avirexbelle avirex42ndhungergame avirexdays 
JonBuscemi :: jonbuscemi jonbuscemi100mm jonbuscemishoes jonbuscemisneakers jonbuscemiaw14 jonbuscemiennoir jonbuscemigold jonbuscemilimitededition jonbuscemiss14 jonbuscemi125mm 
AllyCapellino :: allycapellino allycapellinoxmatisse allycapellinoxnuji allycapellinobag allycapellinofortate allycapellinochristmas allycapellino的那裡好像再拍電影 allycapellinosamplesalescore allycapellinoxkatherinemay allycapellinoruck 
IsabelMarant :: isabelmarant isabelmarantsneakers isabelmarantpourhm isabelmarantetoile isabelmarantshoes isabelmaranthm isabelmarantforhm isabelmarantboots isabelmarants isabelmarantinspired 
Pink Lime :: pinklime pinklimeshoppe pinklimegreen pinklimeade pinklimesalon pinklimefrozt pinklimeraffle2 pinklimesandlife pinklimefrost pinklimeraffle 
Faconnable :: faconnable faconnablerd faconnablepanama faconnablexjeancocteau faconnablepr faconnableworld faconnableoutfits faconnablepty faconnableclub faconnableshirt 
Mainbocher :: mainbocher mainbochercorset mainbocherdress mainbochercouture mainbochereitheryouknoworyoudon mainbocherdesigncorset mainbochera mainbochers 
Michael Robinson :: michaelrobinson michaelrobinsonpt michaelrobinsongoingawayparty michaelrobinson26 michaelrobinsonisgod michaelrobinsonmissedout michaelrobinsonmusic michaelrobinsonartcamp michaelrobinsonfootballcamp michaelrobinsonjr 
ChristianLouboutin :: christianlouboutin christianlouboutins christianlouboutinshoes christianlouboutinsneakers christianlouboutinheels christianlouboutinpigalle christianlouboutinpumps christianlouboutinph christianlouboutinsokate christianlouboutine 
Eliott & Lucca :: eliottlucca eliottluccawristlet eliottluccabag 
PhillipLim :: philliplim philliplimfortarget philliplimpashli philliplimbag philliplimnano philliplimmurah philliplimmini philliplimminipashli philliplimbags philliplims 
Agatha :: agatha agathachristie agatharuizdelaprada agathaparis agathas agathanaticasforever agatha_christie agathasdiseños agathacristie agathamoreira 
