RickOwens :: rickowens rickowensadidas 
CharvetPlaceVendome :: 
Hield :: hield hielda 
DiorHomme :: diorhomme diorhommeintense 
Columbia :: columbia columbiariver 
Et Vous :: etvous etvousnavezencorerienbu 
Liz Claiborne :: lizclaiborne lizclaiborneph 
GeorgesHobeika :: georgeshobeika georgeshobeikacouture 
HouseofFlora :: houseofflora houseoffloraofficial 
Iceberg :: iceberg icebergs 
Mudd :: mudd mudding 
Corneliani :: corneliani cornelianicollection 
Paul Fredrick :: paulfredrick paulfredrickdotcom 
Etro :: etro etron 
Linnanen :: linnanen linnanens 
Joe Boxer :: joeboxer joeboxers 
CommonProjects :: commonprojects commonprojectsachilles 
Steven Alan :: stevenalan stevenalanhome 
Olivier Strelli :: olivierstrelli olivierstrelliwatch 
Blue Cult :: bluecult blueculturebullies 
MichaelMichalsky :: michaelmichalsky michaelmichalskyshoes 
Quiksilver :: quiksilver quiksilverpro 
NortonSons :: nortonsons 
KristallSmolensk :: kristallsmolensk 
AnnDemeulemeester :: anndemeulemeester anndemeulemeesterboots 
Gianfranco Ferre :: gianfrancoferre gianfrancoferrehome 
HausAlkire :: hausalkire 
Duvelleroy :: duvelleroy duvelleroyfan 
Perry Landhaus :: perrylandhaus 
Marcia Grachvogel :: marciagrachvogel 
Jhane Barnes :: jhanebarnes jhanebarnesdesign 
HJCaveSons :: 
Zanetti :: zanetti zanetti4ever 
Calvin Klein :: calvinklein calvinkleinjeans 
BallyShoe :: ballyshoe ballyshoes 
FrostFrench :: frostfrench frostfrenchfloozie 
AlexanderMcQueen :: alexandermcqueen alexandermcqueenscarf 
ReemAcra :: reemacra reemacrabridal 
GianfrancoFerre :: gianfrancoferre gianfrancoferrehome 
LorenzoMerlino :: lorenzomerlino 
ChristianLacroix :: christianlacroix christianlacroixpapier 
Moschino :: moschino moschinocase 
DASCollection :: dascollection dascollections 
Cesarani :: cesarani cesaranibal 
HackettLondon :: hackettlondon hackettlondonmalaysia 
Nicole Miller :: nicolemiller nicolemillernyc 
Adeana Couture :: 
Marchesa :: marchesa marchesafashion 
Agnes B :: agnesb agnesbhk agnesbcafe agnesbar agnesbruckner agnesbautumn agnesbrown agnesb_asia agnesbdelices agnesbvoyage 
Donna Karan :: donnakaran donnakarannewyork 
Salvatore J. Cesarani :: 
AlfredDunhillLtd :: 
GreatGreenlandFurhouse :: 
Adidas :: adidas adidasoriginals adidasmurah adidasoriginal adidasneo adidasrunning adidasdragon adidassuperstar adidasthailand adidasfootball adidasshoes adidassamba adidasneolabel adidasskateboarding adidaskids adidaszx adidasindonesia adidasgallery adidasgazelle adidaszxflux adidashk adidasmalaysia adidasori adidascewek adidasclimacool adidaswomen adidasph adidasdragonmurah adidasindo adidasboost adidasanak adidassoccer adidascasual adidasbasketball adidashamburg adidascowok adidasitaly adidasruning adidaspredator adidas_gallery adidasrunningmurah adidasf50 adidasstansmith adidaszx750 adidasvespa adidasvintage adidasmy adidass adidasgang adidassport 
MaxMara :: maxmara maxmaraweekend 
MauiJim :: mauijim mauijims 
DolceGabbana :: dolcegabbana dolcegabbanabag 
J. Crew :: jcrew jcrewaddict 
MartinMargiela :: martinmargiela martinmargielaforhm martinmargielahm martinmargielavintage martinmargielaarchive martinmargielashoes martinmargielawithhm martinmargiela22 martinmargielaxhm martinmargielaforh martinmargielamaison martinmargiela10 martinmargielashow martinmargiela6 martinmargielasneakers martinmargielas martinmargielaparis martinmargielah martinmargielacollection martinmargiela14 martinmargiela1 martinmargielatabi martinmargiela11 martinmargielaxh martinmargielacouture martinmargielahomme martinmargielaartisanal martinmargielaforhandm martinmargielaprelaunch martinmargielamask martinmargielamen martinmargielaxconverse martinmargielaconverse martinmargielamadrid martinmargielaring martinmargielahandm martinmargielabag martinmargielaathm martinmargielaboots martinmargielaxsanta martinmargiela0 martinmargiela010 martinmargielaaisonmargiela martinmargielamason martinmargielajacket martinmargiela2013aw martinmargielasneaker martinmargielamagic martinmargielawithhandm martinmargielasantamonica 
Perry Ellis :: perryellis perryellisph 
Anna Osmushkina :: annaosmushkina 
Mariella Burani :: mariellaburani mariellaburanihim 
Energie :: energie energies 
Prada :: prada pradamini 
Madeleine Vionnet :: madeleinevionnet madeleinevionnetquote 
Missoni :: missoni missonihome 
Luxottica :: luxottica luxotticapressday 
Cerruti1881 :: cerruti1881 cerruti1881paris 
Swatch :: swatch swatches swatchwatch swatchmurah swatching swatcher swatched swatchoftheday swatchswiss swatchgirlspro swatchoriginal swatchgroup swatchpolishaddict swatchus swatchph swatchmalaysia swatchclub swatchhk swatchirony swatchjelly swatchindonesia swatchfest swatchwatches swatchmotif swatchparty swatchkw swatchsunday swatchmail swatchandlearn swatchforsassycats swatchindies swatchcollection swatchtouch swatchesandwhatnot swatchaddict swatchwomenspro swatchori swatchbook swatchlovers swatchlife swatchcollector swatchalittle swatchs swatchpetph swatchtime swatche swatchvintage swatchspam swatchaholic swatchers 
Chanel :: chanel chanelboy chanelbag chanelclassic chanelmini chanelthailand chanellover chanelshoes chanelloverthailand chanelearrings chanelwoc chanelcase chanelearring chanelwallet chanelleboy chanelbags chanelmurah chanelflats chanelbrooch chaneljumbo chaneladdict chanellego chanelgst chanelparis chanelespadrilles chanelcaviar chanelhandbag chanelaccessories chanelmini8 chanelvintage chanelboybag chanelmakeup chanelmini7 chanel2014 chanelflap chanelmaxi chanelclutch chanellovers chanelboy10 chanelbracelet chanelmalaysia chanelsneakers chanelboy8 chanelnecklace chanelperfume chanelwestcoast chanel10 chanelpurse chanellimited chanelbackpack 
Marianne Alvoni :: mariannealvoni 
DominiqueAurientis :: dominiqueaurientis 
VeroniqueBranquinho :: veroniquebranquinho veroniquebranquinho_ivcases 
Rosner :: rosner rosnerwedding 
Laura Ashley :: lauraashley lauraashleyaustralia 
Land's End :: landsend landsendtrail 
Fila :: fila filan 
CharlotteOlympia :: charlotteolympia charlotteolympiashoes 
Migoscha :: migoscha migoschain 
HugoBoss :: hugoboss hugobossorange 
CutlerandGross :: cutlerandgross cutlerandgrossoflondon 
BPStudio :: bpstudio bpstudios 
Isaia :: isaia isaiah 
CharlieAllen :: charlieallen charlieallentailors 
LOEWE :: loewe loewee 
Mataano :: mataano mataanofashionshow 
Anna Sui :: annasui annasuicase 
Fanatic :: fanatic fanatics 
AnaGonzalez :: anagonzalez anagonzalezart 
Mode Wichtig :: modewichtig 
Souad :: souad souadm 
HamiltonJewelers :: hamiltonjewelers hamiltonjewelerspavilions 
FranckSorbier :: francksorbier francksorbiershow 
Khaadi :: khaadi khaadikhaas 
CostelloTagliapietra :: costellotagliapietra costellotagliapietrany15 
Cacharel :: cacharel cacharelipekesarp 
Pierre Garroudi :: pierregarroudi 
DAKS :: daks dakspicks 
Armani Exchange :: armaniexchange armaniexchangewatch 
Brioni :: brioni brionistories 
Balmain :: balmain balmainparis 
CamillaandMarc :: camillaandmarc camillaandmarctenyears 
Timberland :: timberland timberlands 
APC :: apc apchem 
Munsingwear :: munsingwear munsingwearhk 
Balenciaga :: balenciaga balenciagacity 
BrunelloCucinelli :: brunellocucinelli brunellocucinelli_kiev 
Joseph :: joseph josephmorgan 
Bogner :: bogner bogneramplification 
IRFE :: irfe irfeparis 
JohnVarvatos :: johnvarvatos johnvarvatosconverse 
DerekLam :: dereklam dereklamnyc 
Sinequanone :: sinequanone sinequanonebaku 
GuyLaroche :: guylaroche guylaroches 
AnnaValentine :: annavalentine annavalentinestrend 
Red or Dead :: redordead redordeadglasses 
Malo :: malo malove 
Obrey :: obrey obreyn 
JilSander :: jilsander jilsandernavy 
RabihKayrouz :: rabihkayrouz rabihkayrouze 
Ecco :: ecco eccoci 
JeanPaulGaultier :: jeanpaulgaultier jeanpaulgaultierexhibit 
ThomBrowne :: thombrowne thombrowneny 
HardyAmies :: hardyamies hardyamiesaustralia 
Benetton :: benetton benettonbaby benettonkids benettonrugby benettonuae benettonru benettonhot benettoncold benettontreviso benettonph benettonbryn benettonkainuu benettonrzn benettonkajaani benettonad benettonf1 benettonjessheim benetton_saratov benettonbag benettonaskina benettonwoman benettonlook benettonq8 benettonoslo benetton012 benettonkuwait benettonjeans benettoncolors benettonmonaco benettonconceptstore benettonsport benettonperfume benettondream benettoniran benettonstavanger benettonford benettongirls benettonbasket benettonmalaysia benettontver benettonbrasil benettongift benettonbeachbash 
Thomas Brent :: thomasbrent thomasbrentthomas 
BelleBunty :: bellebuntylondon 
Borsalino :: borsalino borsalinopeople 
Rocawear :: rocawear rocawearjeans 
Ozwald Boateng :: ozwaldboateng ozwaldboatengfashion 
DanLiu :: danliu danliudesigner 
Caraceni :: caraceni caracenilla 
Red Monkey :: redmonkey redmonkeyjeans 
Yves Saint Laurent :: yvessaintlaurent yvessaintlaurentmakeup 
Raoul Dufy :: raouldufy raouldufydomineinsta 
ClementsRibeiro :: clementsribeiro clementsribeiroswan 
Fiorelli :: fiorelli fiorellini 
Michael Kors :: michaelkors michaelkorswatch 
Kenzo :: kenzo kenzotiger kenzoparis kenzothailand kenzosweater kenzocase kenzotee kenzocap kenzotshirt kenzoeye kenzomurah kenzosky kenzokids kenzoindonesia kenzotigertee kenzodress kenzothai kenzoeyetee kenzoeyes kenzoshirt kenzotigertshirt kenzofish kenzoshoes kenzoreplica kenzoeiffel kenzosweatshirt kenzo2014 kenzojapan kenzoflat kenzoeffiel kenzolover kenzotange kenzoiphonecase kenzoeffieltower kenzonewyork kenzohat kenzou kenzomurmer kenzodream kenzonewera kenzoeyeswaroski kenzokid kenzoxnewera kenzoauthentic kenzoki kenzobag kenzoreadystock kenzobaby kenzokaragöz kenzotigersweater 
MadCarpentier :: madcarpentier 
GiustoManettiBattiloro :: giustomanettibattiloro 
Marni :: marni marnie 
IsseyMiyake :: isseymiyake isseymiyakebaobao 
Louis Feraud :: louisferaud louisferaudparis 
Halston :: halston halstonheritage 
Dockers :: dockers dockersdeck 
DeanandDanCaten :: deananddancaten deananddancatenacci 
Agnesb :: agnesb agnesbhk agnesbcafe agnesbar agnesbruckner agnesbautumn agnesbrown agnesb_asia agnesbdelices agnesbvoyage 
Burton :: burton burtonsnowboards 
Esprit :: esprit espritarena 
Fratelli Corneliani :: 
Christian Lacoix :: christianlacoix christianlacoixfabric 
CarolinaHerrera :: carolinaherrera carolinaherrerabag 
Oky-coky :: okycoky okycokyshop 
BottegaVeneta :: bottegaveneta bottegavenetabracelet 
Fendi :: fendi fendibag 
BodyMap :: bodymap bodymapping 
Cutter & Buck :: cutterbuck cutterbuckkk 
WendyDagworthy :: wendydagworthy wendydagworthys 
Tommy Hilfiger :: tommyhilfiger tommyhilfigerph 
Ecko :: ecko eckounltd 
Lanvin :: lanvin lanvinparis 
RobertoCavalli :: robertocavalli robertocavallivodka 
CommedesGarcons :: commedesgarcons commedesgarconsplay 
Camal Gori :: 
KitandAce :: kitandace kitandaceyeg 
JohnGalliano :: johngalliano johngallianokids 
NetaPorter :: netaporter netaportervacationcomp 
Todd Oldham :: toddoldham toddoldhamjeans 
BCBG :: bcbg bcbgmaxazria 
TomFord :: tomford tomfordbeauty 
Colcci :: colcci colccilovers 
JasperConran :: jasperconran jasperconranjunior jasperconrandress jasperconranbag jasperconranwedgwood jasperconranbaby jasperconrantisbury jasperconranglasses jasperconrans jasperconrankids jasperconrancoat jasperconrangold jasperconranjeans jasperconranstudio jasperconranshoes jasperconranhandbag jasperconranstudios jasperconranplatinum jasperconrangigs jasperconrantripp jasperconranwedgewood jasperconranoutfit jasperconranwatch jasperconranshirt jasperconranatwedgwood jasperconranjacket jasperconranjumper jasperconranblazer jasperconranbedding jasperconrantop jasperconranspecs jasperconranpjs jasperconranrobe jasperconranpreloved jasperconranbags jasperconranaw14 jasperconranshorts jasperconransheets jasperconranpolo jasperconranaw2013 jasperconranheels jasperconranlondon jasperconranattripp jasperconranshop jasperconranvase jasperconranegyptiancotton jasperconransuit jasperconranforwedgwood jasperconranhandbang jasperconrancardigan 
Levi's :: levis levisstadium 
Speedo :: speedo speedos 
BadgleyMischka :: badgleymischka badgleymischkashoes 
OxxfordClothes :: oxxfordclothes oxxfordclothesflagship 
Childrensalon :: childrensalon childrensalonn 
NeilBarrett :: neilbarrett neilbarrettss15 
CarlosMiele :: carlosmiele carlosmieleoficial 
AndrewMarc :: andrewmarc andrewmarcum 
JaneCarr :: janecarr janecarrtrick 
Chloe :: chloe chloelukasiak 
Kiton :: kiton kitone 
Sonia Rykiel :: soniarykiel soniarykielmaison 
Oroton :: oroton orotonautumn15 
LaMartina :: lamartina lamartinacampinas 
Christian Dior :: christiandior christiandiorbag 
LOVA :: lova lovatic 
DirkBikkembergs :: dirkbikkembergs dirkbikkembergsparty 
XanderKostroma :: xanderkostroma 
AlexandreHerchcovitch :: alexandreherchcovitch alexandreherchcovitch20anos 
MalanBreton :: malanbreton malanbretonhomme 
JLindeberg :: jlindeberg jlindebergjournal 
GievesHawkes :: gieveshawkes 
CarrerayCarrera :: carreraycarrera carreraycarreraвмадриде 
Gravati :: gravati gravatinha 
Austin Reed :: austinreed austinreedfootball 
Hansengross :: 
Wrangler :: wrangler wranglers 
MarioHernandez :: mariohernandez mariohernandezshoes 
Bisou-Bisou :: bisoubisou bisoubisous 
Larusmiani :: larusmiani larusmiani_official 
Exte :: exte extensions 
OzwaldBoateng :: ozwaldboateng ozwaldboatengfashion 
Savane :: savane savaneta 
MarvinOduber :: marvinoduber 
Hugo Boss :: hugoboss hugobossorange 
Fiorucci :: fiorucci fioruccidue 
Armani :: armani armaniexchange armanijeans armaniwatch armanicode armaniprive armanithailand armanihotel armanijunior armanibaby armanibeauty armanicollezioni armanicafe armanifollowtrain armanishades armanibag armaniglasses armaniprivé armanimakeup armanixchange armanie armaniclub armanicaffe armania armanicosmetics armanisilos armanicasa armanisi armaniprivè armanijean armanikids armanii armanis armanisunglasses armanishirt armanisaat armaninpesinde armanihoteldubai armanin armanidolci armaniwatches armanidiamonds armanisuit armanishoes armanimania armanian armanimens armaniexchangewatch armani_exchange armanidubai 
MiuMiu :: miumiu miumiushoes 
KatieGallagher :: katiegallagher katiegallagherss15 
StellaMcCartney :: stellamccartney stellamccartneyshoes 
Guess :: guess guess 
YvesSaintLaurent :: yvessaintlaurent yvessaintlaurentmakeup 
BeulahLondon :: beulahlondon beulahlondoncoat 
KarenKane :: karenkane karenkanedress 
AndresSarda :: andressarda andressardambfwm 
Pelle Pelle :: pellepelle pellepelleboyz 
BillBlassGroup :: billblassgroup 
Claiborne :: claiborne claibornefarm 
OshKosh B'Gosh :: oshkoshbgosh oshkoshbgoshph 
Bernshaw :: bernshaw bernshawlovesit 
Nogara :: nogara nogarage 
Benoit-PierreEmery :: benoitpierreemery 
JimmyChooLtd :: jimmychooltd jimmychooltdheels 
Roberto Angelico :: 
Bontoni :: bontoni bontonist 
Bonia :: bonia boniamurah 
Jitrois :: jitrois jitroisparis 
Goyard :: goyard goyardbag 
Everlast :: everlast everlasting 
Jenny Hoo :: jennyhoo jennyhookeditup 
Marimekko :: marimekko marimekkoglobal 
FFACE :: fface ffacess 
Marly's :: marlys marlystudios 
DamaniDada :: damanidada damanidadasupremeteam 
Fubu :: fubu fubuki 
Izod :: izod izodcenter 
Oxygen :: oxygen oxygencell 
Jennifer Lopez :: jenniferlopez jenniferlopezcollection 
MarinaRinaldi :: marinarinaldi marinarinaldimr 
DonnaKaran :: donnakaran donnakarannewyork 
Mango :: mango mangos 
ModernCreationMunich :: moderncreationmunich moderncreationmunichtotebag 
LKBennett :: lkbennett lkbennettlondon 
MaryKatrantzou :: marykatrantzou marykatrantzoulive 
Burberry :: burberry burberrythailand 
MoniqueLhuillier :: moniquelhuillier moniquelhuillierbride 
Lagos :: lagos lagosta 
Lee Yau :: leeyau leeyaum 
CuteCircuit :: cutecircuit cutecircuite 
Puma :: puma pumas 
Russell :: russell russellwilson 
Pierre Cardin :: pierrecardin pierrecardinmurah 
Diesel :: diesel dieselpower 
ArefehMansouri :: arefehmansouri 
Bulgari :: bulgari bulgaria 
Lacoste :: lacoste lacosteph lacostemurah lacostelive lacostebags lacostebag lacosteauthentic lacostebagsph lacosteonsale lacostephilippines lacosteshoes lacosteforsale lacostebagph lacostethailand lacosteshirt lacosteclassic lacostemanila lacostepolo lacostewatch lacosteshirts lacosteori lacostekids lacosteforless lacostetote lacostesale lacostesport lacosteindo lacostetotebag lacostetotes lacostedress lacosteoriginal lacosteña lacostepoloshirt lacostehorizontal lacosteoverruns lacostevertical lacostemen lacostewallet lacostewomen lacostehobo lacostebagsforsale lacostelowprice lacostewallets lacostebagsforsaleph lacostered lacostemalaysia lacostess15 lacostemetallic lacostefootwear lacosteauthorityph 
DegeSkinner :: degeskinner 
ErmannoScervino :: ermannoscervino ermannoscervinojunior 
Kenneth Cole / Reaction :: kennethcolereaction kennethcolereactionph 
ChristianDiorSA :: christiandiorsale christiandiorsaddlebag 
Oneill :: oneill oneills 
CymaWatches :: cymawatches 
OscarandJesus :: oscarandjesus oscarandjesusquotes 
Hermes :: hermes hermeskelly 
BellvilleSassoon :: bellvillesassoon bellvillesassoonexhibition 
HelmutLang :: helmutlang helmutlangarchive 
AlteresKiss :: 
LouisVuitton :: louisvuitton louisvuittonthailand 
HeavyEco :: heavyeco heavyecodriving 
Fia Miami :: fiamiami fiamiamibound 
John Smedley :: johnsmedley johnsmedleyknitwear 
Aeffe S.P.A :: aeffespa 
MichaelKors :: michaelkors michaelkorswatch 
Club Monaco :: clubmonaco clubmonacomotor 
Paul Smith :: paulsmith paulsmiththailand 
Norma Kamali :: normakamali normakamaliskirt 
Gianni Versace :: gianniversace gianniversacecouture 
Akris :: akris akrispunto 
Oilily :: oilily oililyworld 
Sisley :: sisley sisleyparis 
Damiani :: damiani damianivan 
FreyWille :: freywille freywillestyle 
Babette Waserman :: babettewaserman 
Vokal :: vokal vokalis 
MadeleineVramant :: madeleinevramant 
Crolla :: crolla crollare 
Cartier :: cartier cartierlove 
NinaRicci :: ninaricci ninaricciperfume 
FridaGiannini :: fridagiannini fridagianninigenius 
Ellesse :: ellesse ellesseheritage 
ReemAlasadi :: reemalasadi 
Zero :: zero zerosecondninja 
Celine :: celine celinebag 
KarlLagerfeld :: karllagerfeld karllagerfeldtee 
Ralph Lauren :: ralphlauren ralphlaurenthailand 
Courrages :: courrages courragesarah 
Nike :: nike nikeplus nikeairmax nikerunning nikesb nikes nikeair niketalk nikefree nikemurah nikeid nikeshoes nikerosherun nikewomen nikerun nikebasketball nikeairmax90 nikefootball nikeairmaxmurah nikefreerun nikepro nikefuel nikeflyknit nikeairmaxthea nikeph nikethailand nikeoriginal nikeroshe nikeairmax1 nikecewek nikehk nikesocks nikerunningmurah nikegolf nikesportswear nikefuelband nikeelite nikeallday niketown nikeairforce nikecowok nikewoman nikeori nikesoccer nikeindonesia nikeairmaxone nikethea nike_sbholic nikeindo nikehead 
Converse :: converse conversemurah converses converseallstar converseori converseoriginal converseshoes conversegradeori conversehigh converselow conversemurmer converseindo converseph conversethailand conversemurahbanget conversekids converseindonesia converseallstars converseorimurah converseladies converseanak converseoriindo conversetermurah conversecewek converseoriginalmurah conversejakarta converseallstarmurah converselowmurah conversemalaysia conversehighmurah converselove conversecowok converseasli conversebaby conversepastel converseaddict conversegalaxy conversepalingmurah conversebagus converseslim conversemurahmeriah conversejackpurcell conversesurabaya conversecollege conversethai converseombre conversearmy conversejack converseshoesmurah conversependek 
Fruit of the Loom :: fruitoftheloom fruitofthelooms 
HollyFulton :: hollyfulton hollyfultonforradley 
DianevonFurstenberg :: dianevonfurstenberg dianevonfurstenbergdress 
La Perla :: laperla laperlalingerie 
Versace :: versace versaceversace 
KevanHall :: kevanhall kevanhallsport 
Escada :: escada escadaria 
Eddie Bauer :: eddiebauer eddiebaueredition 
L.L Bean :: llbean llbeanboots 
HusseinChalayan :: husseinchalayan husseinchalayanxpuma 
Aquascutum :: aquascutum aquascutumscarf 
Gucci :: gucci guccibag guccimane guccibelt guccithailand guccishoes guccimurah guccithai gucciwatch gucciguilty guccibags guccishades gucciwallet gucciglasses guccimalaysia guccibeltbag guccigucci guccisunglasses guccihandbag guccibamboo guccibaby guccilover guccibelts gucciframes guccihat gucciman guccigirl gucciboy gucciperfume guccieverything guccisoho guccisneakers gucciph gucciscarf guccigang gucciboston guccikids guccihangbag guccispeedy guccistore guccipurse guccitote gucciswagg2x guccivintage gucciboots guccishirt guccivoice gucciboysclub guccikanvas guccisuper 
Body Glove :: bodyglove bodyglovegirl 
Marc Jacobs :: marcjacobs marcjacobswatch 
JeremiePauzie :: 
Southpole :: southpole southpolep 
Pepe Jeans :: pepejeans pepejeanslondon 
TomasMaier :: tomasmaier tomasmaiercruiseresort2015 
Dolce & Gabbana :: dolcegabbana dolcegabbanabag 
Giorgio Armani :: giorgioarmani giorgioarmanibeauty 
Paul Shark :: paulshark paulsharkrostov 
Cerruti :: cerruti cerruti1881 
NigelCabourn :: nigelcabourn nigelcabournwoman 
Vans :: vans vansmurah 
Helly Hansen :: hellyhansen hellyhansenpanama hellyhansenvzla hellyhansenextremo hellyhansenjacket hellyhansenvenezuela hellyhansenwhistler hellyhansenrd hellyhansenshoes hellyhansenworkwear hellyhansenpty hellyhansens hellyhansendevold hellyhansenjakke hellyhansenlangevag hellyhansenmultiplaza hellyhansennewport hellyhansencoat hellyhansenoutlet hellyhansenpy hellyhansenchile hellyhansenpuertocalero hellyhansenhappy hellyhansenlangevåg hellyhansenskagenrace hellyhansenkids hellyhansencostazul hellyhansencatwalk hellyhansengranville hellyhansenboots hellyhansenwpanarena hellyhansenfreeridedm hellyhansenhat hellyhansenstorebarcelona hellyhansenswag hellyhansenportal hellyhansenbarcelona hellyhansenkroktrekker hellyhansenbankershall hellyhansengear hellyhansenaus hellyhansensprintcross hellyhansen_think_2014 hellyhansentrailteam hellyhansenbcn hellyhansenshirt hellyhansencap hellyhansenjacka hellyhansenbellevue hellyhansenk2 
Z. Cavaricci :: zcavaricci zcavariccis 
Givenchy :: givenchy givenchyantigona 
Mulberry :: mulberry mulberrybag 
Nancy Lord :: nancylord 
Avirex :: avirex avirexjacket 
JonBuscemi :: jonbuscemi jonbuscemi100mm 
AllyCapellino :: allycapellino allycapellinoxmatisse 
IsabelMarant :: isabelmarant isabelmarantsneakers 
Pink Lime :: pinklime pinklimeshoppe 
Faconnable :: faconnable faconnablerd 
Mainbocher :: mainbocher mainbochercorset 
Michael Robinson :: michaelrobinson michaelrobinsonpt 
ChristianLouboutin :: christianlouboutin christianlouboutins 
Eliott & Lucca :: eliottlucca eliottluccawristlet 
PhillipLim :: philliplim philliplimfortarget 
Agatha :: agatha agathachristie 
