RickOwens :: rickowens rickowensadidas rickowensonline rickowenssneakers rickowensxadidas rickowenslilies rickowensdrkshdw rickowensshoes rickowensdunks rickowensgeobasket rickowenssneaker rickowenspalaisroyal rickowenstokyo rickowensforsale rickowensboots rickowensss15 rickowensjacket rickowensparis rickowensdunk rickowensfw14 rickowensramones rickowensrunner rickowensdarkshadow rickowensgeobaskets rickowensleather rickowensmilan rickowensss14 rickowenslondon rickowenshun rickowensfurniture rickowensfw15 rickowenshightop rickowensmiami rickowensforadidas rickowensstoreparis 
CharvetPlaceVendome :: 
Hield :: hield hielda hieldelberg hieldsinhawaii hielden 
DiorHomme :: diorhomme diorhommeintense diorhommesport diorhommejeans diorhommecologne 
Columbia :: columbia columbiariver columbiasc columbian columbiarivergorge 
Et Vous :: etvous etvousnavezencorerienbu etvoustumaimes etvousquellessontvosenvies etvousvousfaitesquoi 
Liz Claiborne :: lizclaiborne lizclaiborneph lizclaibornebag lizclaibornemalaysia lizclaibornewatch 
GeorgesHobeika :: georgeshobeika georgeshobeikacouture georgeshobeikahautecouture georgeshobeikabridal georgeshobeikateam 
HouseofFlora :: houseofflora houseoffloraofficial houseoffloral houseoffloravisor houseofflorahat 
Iceberg :: iceberg icebergs iceberglettuce icebergslim icebergsimpson 
Mudd :: mudd mudding muddy muddin muddy_puddles 
Corneliani :: corneliani cornelianicollection cornelianight cornelianifashionshow cornelianiid 
Paul Fredrick :: paulfredrick paulfredrickdotcom paulfredricks paulfredricktie paulfredrickshirt 
Etro :: etro etron etrog etromilano etroboafaltar 
Linnanen :: linnanen linnanens 
Joe Boxer :: joeboxer joeboxers joeboxerpjs joeboxersocks joeboxercommercial 
CommonProjects :: commonprojects commonprojectsachilles commonprojectsfootwear commonprojectsforsale commonprojectsshoes 
Steven Alan :: stevenalan stevenalanhome stevenalanoptical stevenalanjapan stevenalanss15 
Olivier Strelli :: olivierstrelli olivierstrelliwatch olivierstrellie olivierstrellioblige olivierstrellijottschool 
Blue Cult :: bluecult blueculturebullies blueculture bluecultblogg blueculturetribe 
MichaelMichalsky :: michaelmichalsky michaelmichalskyshoes michaelmichalskyshow michaelmichalskystylenight michaelmichalskybeiladygaga 
Quiksilver :: quiksilver quiksilverpro quiksilverrussia quiksilvermurah quiksilverdunsborough 
NortonSons :: nortonsons 
KristallSmolensk :: kristallsmolensk 
AnnDemeulemeester :: anndemeulemeester anndemeulemeesterboots anndemeulemeestershoes anndemeulemeesterfall2015 anndemeulemeesterstyle 
Gianfranco Ferre :: gianfrancoferre gianfrancoferrehome gianfrancoferrefurs gianfrancoferrer gianfrancoferrekiev 
HausAlkire :: hausalkire 
Duvelleroy :: duvelleroy duvelleroyfan duvelleroyxingejacobsen duvelleroybrasil 
Perry Landhaus :: perrylandhaus 
Marcia Grachvogel :: marciagrachvogel 
Jhane Barnes :: jhanebarnes jhanebarnesdesign jhanebarneseyewear jhanebarnessunglasses jhanebarnestie 
HJCaveSons :: 
Zanetti :: zanetti zanetti4ever zanettistory zanetti4 zanettiandfriends 
Calvin Klein :: calvinklein calvinkleinjeans calvinkleinbag calvinkleinph calvinkleinunderwear 
BallyShoe :: ballyshoe ballyshoes ballyshoewalkin ballyshoesformen ballyshoewalking 
FrostFrench :: frostfrench frostfrenchfloozie frostfrenchbikini frostfrenchlingerie frostfrenchshirt 
AlexanderMcQueen :: alexandermcqueen alexandermcqueenscarf alexandermcqueenarchive alexandermcqueenclutch alexandermcqueenshoes 
ReemAcra :: reemacra reemacrabridal reemacrafw15 reemacrafeiworldcup reemacragown 
GianfrancoFerre :: gianfrancoferre gianfrancoferrehome gianfrancoferrefurs gianfrancoferrer gianfrancoferrekiev 
LorenzoMerlino :: lorenzomerlino 
ChristianLacroix :: christianlacroix christianlacroixpapier christianlacroixmaison christianlacroix2013 christianlacroixcouture 
Moschino :: moschino moschinocase moschinobarbie moschinobelt moschinobag 
DASCollection :: dascollection dascollections dascollectionoffice 
Cesarani :: cesarani cesaranibal cesaraniel cesaranitablian cesaraniandkinton 
HackettLondon :: hackettlondon hackettlondonmalaysia hackettlondonsd hackettlondonrd hackettlondonistanbul 
Nicole Miller :: nicolemiller nicolemillernyc nicolemillerbridal nicolemillerdress nicolemillermanayunk 
Adeana Couture :: 
Marchesa :: marchesa marchesafashion marchesacasati marchesavoyage marchesanotte 
Agnes B :: agnesb agnesbhk agnesbcafe agnesbar agnesbruckner 
Donna Karan :: donnakaran donnakarannewyork donnakarandkny donnakaranatelier donnakaranthewoman 
Salvatore J. Cesarani :: 
AlfredDunhillLtd :: 
GreatGreenlandFurhouse :: 
Adidas :: adidas adidasoriginals adidasmurah adidasoriginal adidasneo adidasrunning adidasdragon adidassuperstar adidasthailand adidasfootball adidasshoes adidassamba adidasneolabel adidaskids adidasskateboarding adidaszx adidasindonesia adidasgallery adidasgazelle adidaszxflux adidashk adidasmalaysia adidasori adidascewek adidasclimacool adidaswomen adidasph adidasdragonmurah adidasindo adidasboost adidasanak adidassoccer adidascasual adidasbasketball adidashamburg adidascowok adidasitaly adidasruning adidaspredator adidas_gallery adidasrunningmurah adidasf50 adidaszx750 adidasstansmith adidasvespa adidasvintage adidasmy adidass adidasgang adidassport 
MaxMara :: maxmara maxmaraweekend maxmaracoat maxmarafashiongroup maxmarastudio 
MauiJim :: mauijim mauijims mauijimsunglasses mauijimfan mauijimshades 
DolceGabbana :: dolcegabbana dolcegabbanabag dolcegabbanaofficial dolcegabbanakids dolcegabbanashoes dolcegabbanadress dolcegabbanasunglasses dolcegabbanalightblue dolcegabbanatheone dolcegabbanaalmaty dolcegabbanamakeup dolcegabbanakiev dolcegabbanabags dolcegabbanaglasses dolcegabbanaaltamoda dolcegabbana2015 dolcegabbana2014 dolcegabbanabeauty dolcegabbanaperfume dolcegabbanajunior dolcegabbanasneakers dolcegabbanareplica dolcegabbanamiss_italybrand dolcegabbanawoman dolcegabbanawatch dolcegabbanafashion dolcegabbana_barvikha dolcegabbanaeyewear dolcegabbanashades dolcegabbanajeans dolcegabbanagirls dolcegabbanareplicamurah dolcegabbanastyle dolcegabbanababy dolcegabbanamisssicily dolcegabbana2013 dolcegabbanass15 dolcegabbanajuniorkiev dolcegabbanawedding dolcegabbanamen dolcegabbanasicily dolcegabbanajacket dolcegabbana_anna_all_fashion dolcegabbanacosmetics dolcegabbanaekb dolcegabbanalily dolcegabbanagold dolcegabbanainspired dolcegabbanalive dolcegabbanashirt 
J. Crew :: jcrew jcrewaddict jcrewstyle jcrewnecklace jcrewfactory 
MartinMargiela :: martinmargiela martinmargielaforhm martinmargielahm martinmargielavintage martinmargielaarchive 
Perry Ellis :: perryellis perryellisph perryellis18 perryellis360 perryellisportfolio 
Anna Osmushkina :: annaosmushkina 
Mariella Burani :: mariellaburani mariellaburanihim mariellaburaniparfum mariellaburanisposa mariellaburaninaturedhomme 
Energie :: energie energies energiecardio energiedrink energiecottbus 
Prada :: prada pradamini pradathailand pradasaffiano pradabag 
Madeleine Vionnet :: madeleinevionnet madeleinevionnetquote madeleinevionnetstyle madeleinevionnetforever madeleinevionnett 
Missoni :: missoni missonihome missonifortarget missonihotel missonimoments 
Luxottica :: luxottica luxotticapressday luxotticadays luxotticagroup luxotticausa 
Cerruti1881 :: cerruti1881 cerruti1881paris cerruti1881watch cerruti1881watches cerruti1881sport 
Swatch :: swatch swatches swatchwatch swatchmurah swatching 
Chanel :: chanel chanelboy chanelbag chanelclassic chanelmini 
Marianne Alvoni :: mariannealvoni 
DominiqueAurientis :: dominiqueaurientis 
VeroniqueBranquinho :: veroniquebranquinho veroniquebranquinho_ivcases veroniquebranquinhoshoes veroniquebranquinhoarchive veroniquebranquinhoaw15 
Rosner :: rosner rosnerwedding rosners rosnery rosnerroadtrip 
Laura Ashley :: lauraashley lauraashleyaustralia lauraashleyhome lauraashleywallpaper lauraashleygirl 
Land's End :: landsend landsendtrail landsendlookout landsendcanvas landsendlove 
Fila :: fila filan filam filadelfia filabrasileiro 
CharlotteOlympia :: charlotteolympia charlotteolympiashoes charlotteolympiamurah charlotteolympiaheels charlotteolympiakitty 
Migoscha :: migoscha migoschain migoschatos migoschainsnatched migoschallenge 
HugoBoss :: hugoboss hugobossorange hugobosshot hugobossperfume hugobossgreen 
CutlerandGross :: cutlerandgross cutlerandgrossoflondon cutlerandgrosssunglasses cutlerandgrossgb cutlerandgrossthailand 
BPStudio :: bpstudio bpstudios bpstudio1 bpstudioone bpstudioz 
Isaia :: isaia isaiah isaias isaiahrashad isaiah40 
CharlieAllen :: charlieallen charlieallentailors charlieallenrenovations charlieallensport charlieallen804 
LOEWE :: loewe loewee loewebag loewejwa loewenlive 
Mataano :: mataano mataanofashionshow mataanovinha mataanotwins mataanobackstage 
Anna Sui :: annasui annasuicase annasuithailand annasuihk annasuiforoneill 
Fanatic :: fanatic fanatics fanatica fanatico fanaticos 
AnaGonzalez :: anagonzalez anagonzalezart anagonzalez83 anagonzalezrojas anagonzalezinteriores 
Mode Wichtig :: modewichtig 
Souad :: souad souadm souadmassi souadrenaline souadorador 
HamiltonJewelers :: hamiltonjewelers hamiltonjewelerspavilions hamiltonjewelersaroundtown 
FranckSorbier :: francksorbier francksorbiershow francksorbiercouture francksorbierhautecouture francksorbierblazer 
Khaadi :: khaadi khaadikhaas khaadilawn khaadipret khaadihome 
CostelloTagliapietra :: costellotagliapietra costellotagliapietrany15 costellotagliapietrafw14 costellotagliapietrafall2013 costellotagliapietrafw15 
Cacharel :: cacharel cacharelipekesarp cacharela cachareltr cacharelamoramor 
Pierre Garroudi :: pierregarroudi 
DAKS :: daks dakspicks daksh dakslondon daks2 
Armani Exchange :: armaniexchange armaniexchangewatch armaniexchangemalaysia armaniexchangeshirt armaniexchangeglasses 
Brioni :: brioni brionistories brionisboutique brionisuit brionica 
Balmain :: balmain balmainparis balmainarmy balmainhomme balmainjeans 
CamillaandMarc :: camillaandmarc camillaandmarctenyears camillaandmarcpff2013 camillaandmarc10years camillaandmarcdress 
Timberland :: timberland timberlands timberlandboots timberlandhk timberland_br 
APC :: apc apchem apc40 apcalc apc16 
Munsingwear :: munsingwear munsingwearhk munsingwearpenguin munsingwearladies munsingweargrandslam 
Balenciaga :: balenciaga balenciagacity balenciagamini balenciagabag balenciagaarena 
BrunelloCucinelli :: brunellocucinelli brunellocucinelli_kiev brunellocucinellioriginal brunellocucinelliauthentic brunellocucinellinew 
Joseph :: joseph josephmorgan josephgordonlevitt josephine josephboutique77 
Bogner :: bogner bogneramplification bogneramps bognerfashion bognerski 
IRFE :: irfe irfeparis irfeistheiconofrussia irfeoutfit irfeen 
JohnVarvatos :: johnvarvatos johnvarvatosconverse johnvarvatosartisan johnvarvatosusa johnvarvatosstarusa 
DerekLam :: dereklam dereklamnyc dereklam10crosby dereklamb dereklamforkohls 
Sinequanone :: sinequanone sinequanonebaku sinequanone_officiel sinequanoneaddict sinequanonedress 
GuyLaroche :: guylaroche guylaroches guylarochethailand guylarocheparis guylarochewatch 
AnnaValentine :: annavalentine annavalentinestrend annavalentine2014 annavalentines 
Red or Dead :: redordead redordeadglasses redordeadlondon redordeadshoes redordeadproductions 
Malo :: malo malove malossi malone malos 
Obrey :: obrey obreyn obreynmartell obreye obreyel 
JilSander :: jilsander jilsandernavy jilsanders jilsanderbangkok jilsandersun 
RabihKayrouz :: rabihkayrouz rabihkayrouze rabihkayrouz2015 rabihkayrouzstudio rabihkayrouzverawanglanvineliesaabpeuventattendre 
Ecco :: ecco eccoci eccomi eccola eccolo 
JeanPaulGaultier :: jeanpaulgaultier jeanpaulgaultierexhibit jeanpaulgaultierexhibition jeanpaulgaultierforlindex jeanpaulgaultierclassique 
ThomBrowne :: thombrowne thombrowneny thombrowneeyewear thombrownethailand thombrownesunglasses 
HardyAmies :: hardyamies hardyamiesaustralia hardyamies_aus hardyamieslondon hardyamiessummer 
Benetton :: benetton benettonbaby benettonkids benettonrugby benettonuae 
Thomas Brent :: thomasbrent thomasbrentthomas thomasbrenton thomasbrentclement 
BelleBunty :: bellebuntylondon 
Borsalino :: borsalino borsalinopeople borsalinohat borsalinoworld borsalinohats 
Rocawear :: rocawear rocawearjeans rocawearshirt rocawearjacket rocawearbaby 
Ozwald Boateng :: ozwaldboateng ozwaldboatengfashion ozwaldboatenggallery ozwaldboatengstudio ozwaldboatengsuit 
DanLiu :: danliu danliudesigner danliuphotobomb danliuphotography danlius 
Caraceni :: caraceni caracenilla caraceniza caraceniheadtotoe caracenimilano 
Red Monkey :: redmonkey redmonkeyjeans redmonkeycompany redmonkeys redmonkeydesigns 
Yves Saint Laurent :: yvessaintlaurent yvessaintlaurentmakeup yvessaintlaurentgarden yvessaintlaurentmovie yvessaintlaurentstyle 
Raoul Dufy :: raouldufy raouldufydomineinsta raouldufyt raouldufyinspiration 
ClementsRibeiro :: clementsribeiro clementsribeiroswan clementsribeirojacket clementsribeirodress clementsribeiroswanss13holiday 
Fiorelli :: fiorelli fiorellini fiorellino fiorellita fiorellinomio 
Michael Kors :: michaelkors michaelkorswatch michaelkorsbag michaelkorsmurah michaelkorsindonesia 
Kenzo :: kenzo kenzotiger kenzoparis kenzothailand kenzosweater 
MadCarpentier :: madcarpentier 
GiustoManettiBattiloro :: giustomanettibattiloro 
Marni :: marni marnie marniethedog marniathm marnier 
IsseyMiyake :: isseymiyake isseymiyakebaobao isseymiyakejapan isseymiyakerainbow isseymiyakethailand 
Louis Feraud :: louisferaud louisferaudparis louisferaudvintage louisferauddress louisferaudshirt 
Halston :: halston halstonheritage halstonsage halstonette halstonhayes 
Dockers :: dockers dockersdeck dockerswaterside dockersonthego dockerskhakis 
DeanandDanCaten :: deananddancaten deananddancatenacci deananddancatens 
Agnesb :: agnesb agnesbhk agnesbcafe agnesbar agnesbruckner 
Burton :: burton burtonsnowboards burtonguster burtonusopen burtons 
Esprit :: esprit espritarena espritdior esprite espritdeshe 
Fratelli Corneliani :: 
Christian Lacoix :: christianlacoix christianlacoixfabric christianlacoixcushion christianlacoixscarf 
CarolinaHerrera :: carolinaherrera carolinaherrerabag carolinaherrera212 carolinaherreraph carolinaherreraperfume 
Oky-coky :: okycoky okycokyshop okycokyastana okycokycontest okycokydress 
BottegaVeneta :: bottegaveneta bottegavenetabracelet bottegavenetabag bottegavenetabags bottegavenetawallet 
Fendi :: fendi fendibag fendipeekaboo fendi2jours fendimonster 
BodyMap :: bodymap bodymapping bodymaposlo bodymaps bodymapsseries 
Cutter & Buck :: cutterbuck cutterbuckkk cutterbucks cutterbuckmkw cutterbuckpipo 
WendyDagworthy :: wendydagworthy wendydagworthys 
Tommy Hilfiger :: tommyhilfiger tommyhilfigerph tommyhilfigerbags tommyhilfigerwatch tommyhilfigerbag 
Ecko :: ecko eckounltd eckored eckounlimited eckoshirt 
Lanvin :: lanvin lanvinparis lanvinnecklace lanvinmurah lanvinshoes 
RobertoCavalli :: robertocavalli robertocavallivodka robertocavallihome robertocavalliss15 robertocavallijunior 
CommedesGarcons :: commedesgarcons commedesgarconsplay commedesgarconshommeplus commedesgarconsshirt commedesgarconsthailand 
Camal Gori :: 
KitandAce :: kitandace kitandaceyeg kitandacesf kitandacexniche kitandacenyc 
JohnGalliano :: johngalliano johngallianokids johngallianoisback johngallianoformaisonmargiela johngallianofall2015 
NetaPorter :: netaporter netaportervacationcomp netaportersale netaporterreporter netaporterfrontrow 
Todd Oldham :: toddoldham toddoldhamjeans toddoldhamdress toddoldhamshoes toddoldhamcollection 
BCBG :: bcbg bcbgmaxazria bcbgeneration bcbggeneration bcbgdress 
TomFord :: tomford tomfordbeauty tomfordlipstick tomfords tomfordmakeup tomfordsunglasses tomfordthailand tomfordcosmetics tomfordglasses tomfordeyewear tomfordshades tomfordaddict tomfordshoes tomfordblush tomfordlip tomfordblackorchid tomfordcosmetic tomfordboots tomfordperfume tomfordalmaty tomfordheels tomfordlipcolor tomfordlipsandboys tomfordnoir tomfordsunnies tomfordbag tomfordsuit tomfordlips tomfordlipsticks tomfordxmasgiveaway tomfordfragrance tomfordindo tomfordnailpolish tomfordsummer2015 tomfordframes tomfordlippiegiveaway tomfordstyle tomfordeyeshadow tomfordmurah tomfordhk tomforddubai tomfordbrushes tomfordindonesia tomfordmen tomfordprivateblend tomfordbrush tomford2014 tomford_ahlam tomfordcampbell tomfordformen 
Colcci :: colcci colccilovers colccioficial colccispfw colccilover 
JasperConran :: jasperconran jasperconranjunior jasperconrandress jasperconranbag jasperconranwedgwood 
Levi's :: levis levisstadium levistadium levis501 levisjeans 
Speedo :: speedo speedos speedometer speedoflight speedofsound 
BadgleyMischka :: badgleymischka badgleymischkashoes badgleymischkabride badgleymischkadress badgleymischkabridal 
OxxfordClothes :: oxxfordclothes oxxfordclothesflagship 
Childrensalon :: childrensalon childrensalonn childrensalonnstore childrensalonspecials childrensalonatl 
NeilBarrett :: neilbarrett neilbarrettss15 neilbarrette neilbarrettcelebs neilbarretttee 
CarlosMiele :: carlosmiele carlosmieleoficial carlosmieleefashionme carlosmielejeans carlosmielebr 
AndrewMarc :: andrewmarc andrewmarcum andrewmarcela2013 andrewmarcus andrewmarcela2014 
JaneCarr :: janecarr janecarrtrick janecarrhomme janecarrey janecarr_official 
Chloe :: chloe chloelukasiak chloeandisabel chloegracemoretz chloemoretz 
Kiton :: kiton kitone kitonediet kitondonna kitong 
Sonia Rykiel :: soniarykiel soniarykielmaison soniarykielenfant soniarykielss15 soniarykielparis 
Oroton :: oroton orotonautumn15 orotonxrosebyrne orotonbag orotonlove 
LaMartina :: lamartina lamartinacampinas lamartinapolo lamartinabar lamartinah 
Christian Dior :: christiandior christiandiorbag christiandiorshoes christiandiorsunglasses christiandiorlover 
LOVA :: lova lovatic lovato lovatics lovable 
DirkBikkembergs :: dirkbikkembergs dirkbikkembergsparty dirkbikkembergsoutlet dirkbikkembergsman dirkbikkembergsodessa 
XanderKostroma :: xanderkostroma 
AlexandreHerchcovitch :: alexandreherchcovitch alexandreherchcovitch20anos alexandreherchcovitchmen alexandreherchcovitchparatokstok 
MalanBreton :: malanbreton malanbretonhomme malanbretonbridal malanbretonnyfw malanbretonss15 
JLindeberg :: jlindeberg jlindebergjournal jlindeberggolf jlindebergwoman jlindebergski 
GievesHawkes :: gieveshawkes 
CarrerayCarrera :: carreraycarrera carreraycarreraвмадриде carreraycarrerarus carreraycarrerasummer carreraycarreraenmadrid 
Gravati :: gravati gravatinha gravatinhas gravatinhaborboleta gravation 
Austin Reed :: austinreed austinreedfootball austinreedisone austinreedsigg austinreeduk 
Hansengross :: 
Wrangler :: wrangler wranglers wranglerjk wranglerunlimited wranglercountry 
MarioHernandez :: mariohernandez mariohernandezshoes mariohernandez2013 mariohernandezrus mariohernandezbag 
Bisou-Bisou :: bisoubisou bisoubisous bisoubisoupink bisoubisoubisou bisoubisoutaiwan 
Larusmiani :: larusmiani larusmiani_official larusmianiphotobooth larusmianispecialcottonforgoosetechlining larusmianispecialcottoninlining 
Exte :: exte extensions exterior extension extendo 
OzwaldBoateng :: ozwaldboateng ozwaldboatengfashion ozwaldboatenggallery ozwaldboatengstudio ozwaldboatengsuit 
Savane :: savane savaneta savanero savanehri savanes 
MarvinOduber :: marvinoduber 
Hugo Boss :: hugoboss hugobossorange hugobosshot hugobossperfume hugobossgreen 
Fiorucci :: fiorucci fioruccidue fiorucciduetiaspetta fiorucciarttrust fiorucciii 
Armani :: armani armaniexchange armanijeans armaniwatch armanicode armaniprive armanithailand armanihotel armanijunior armanibaby armanibeauty armanicollezioni armanicafe armanifollowtrain armanishades armanibag armaniglasses armaniprivé armanimakeup armanixchange armanie armaniclub armanicaffe armania armanicosmetics armanisilos armanicasa armanisi armaniprivè armanijean armanikids armanii armanis armanisunglasses armanishirt armanisaat armaninpesinde armanihoteldubai armanin armanidolci armaniwatches armanidiamonds armanisuit armanishoes armanimania armanian armanimens armaniexchangewatch armani_exchange armanidubai 
MiuMiu :: miumiu miumiushoes miumiuthailand miumiusunglasses miumiubag 
KatieGallagher :: katiegallagher katiegallagherss15 katiegallaghershow katiegallaghers katiegallagherfashionshow 
StellaMcCartney :: stellamccartney stellamccartneyshoes stellamccartneykids stellamccartneybag stellamccartneyforadidas 
Guess :: guess guess guesswho guessmurah guessori 
YvesSaintLaurent :: yvessaintlaurent yvessaintlaurentmakeup yvessaintlaurentgarden yvessaintlaurentmovie yvessaintlaurentstyle 
BeulahLondon :: beulahlondon beulahlondoncoat beulahlondonfrenchsole 
KarenKane :: karenkane karenkanedress karenkanepantsarethebest karenkaneiseverywhere karenkaneoutletcamarillo 
AndresSarda :: andressarda andressardambfwm andressarda_mbfwm andressardas andressardaswim 
Pelle Pelle :: pellepelle pellepelleboyz pellepelleeu pellepellenation pellepelleus 
BillBlassGroup :: billblassgroup 
Claiborne :: claiborne claibornefarm claiborneandchurchill claiborneprom2014 claibornecounty 
OshKosh B'Gosh :: oshkoshbgosh oshkoshbgoshph oshkoshbgoshbaby oshkoshbgoshmurah oshkoshbgoshresale 
Bernshaw :: bernshaw bernshawlovesit bernshawdress bernshawloves bernshaw1 
Nogara :: nogara nogarage nogaragequeen nogaravin nogaragequeens 
Benoit-PierreEmery :: benoitpierreemery 
JimmyChooLtd :: jimmychooltd jimmychooltdheels jimmychooltdinspired 
Roberto Angelico :: 
Bontoni :: bontoni bontonist bontonitalie bontonitaly bontonishoes 
Bonia :: bonia boniamurah boniaori boniamalaysia boniawatch 
Jitrois :: jitrois jitroisparis jitroisnyc jitroismadisonave jitroisstudio 
Goyard :: goyard goyardbag goyardbags goyardstlouis goyardwallet 
Everlast :: everlast everlasting everlastingfriends everlastinglove everlastingfriend 
Jenny Hoo :: jennyhoo jennyhookeditup jennyhood jennyhookedmeup jennyhooplejewelry 
Marimekko :: marimekko marimekkoglobal marimekkolife marimekkothailand marimekkodubai 
FFACE :: fface ffacess ffacedrawing ffacebook ffaces 
Marly's :: marlys marlystudios marlystreep marlyssa marlyse 
DamaniDada :: damanidada damanidadasupremeteam damanidadaism damanidadaclothingco damanidadatop 
Fubu :: fubu fubuki fubukishirou fubuph fubus 
Izod :: izod izodcenter izodanslevaisseau izodlacoste izodindycarseries 
Oxygen :: oxygen oxygencell oxygenbar oxygenmagazine oxygene 
Jennifer Lopez :: jenniferlopez jenniferlopezcollection jenniferlopezstyle jenniferlopezforever jenniferlopezconcert 
MarinaRinaldi :: marinarinaldi marinarinaldimr marinarinaldi_perm marinarinaldi_kazan marinarinaldiplusmodel 
DonnaKaran :: donnakaran donnakarannewyork donnakarandkny donnakaranatelier donnakaranthewoman 
Mango :: mango mangos mangobag mangoes mangoori 
ModernCreationMunich :: moderncreationmunich moderncreationmunichtotebag moderncreationmunichswagg moderncreationmunich〽️©〽️ moderncreationmunichbelt 
LKBennett :: lkbennett lkbennettlondon lkbennettazerbaijan lkbennettshoes lkbennettbaku 
MaryKatrantzou :: marykatrantzou marykatrantzoulive marykatrantzoudress marykatrantzouxadidas marykatrantzouforadidas 
Burberry :: burberry burberrythailand burberrywatch burberryprorsum burberrybag 
MoniqueLhuillier :: moniquelhuillier moniquelhuillierbride moniquelhuillierbridal moniquelhuillierdress moniquelhuilliergown 
Lagos :: lagos lagosta lagosul lagosdemoreno lagostabronzeada 
Lee Yau :: leeyau leeyaum leeyaungaye leeyautungwhyyousolengzai leeyausum 
CuteCircuit :: cutecircuit cutecircuite cutecircuits cutecircuitlovesnewyork cutecircuitclothing 
Puma :: puma pumas pumalife pumasuede pumamurah 
Russell :: russell russellwilson russellwestbrook russellbrand russellcrowe 
Pierre Cardin :: pierrecardin pierrecardinmurah pierrecardinbra pierrecardinipekesarp pierrecardine 
Diesel :: diesel dieselpower dieseltrucks diesellife diesels 
ArefehMansouri :: arefehmansouri 
Bulgari :: bulgari bulgaria bulgarian bulgariangirl bulgarien 
Lacoste :: lacoste lacosteph lacostemurah lacostelive lacostebags lacostebag lacosteauthentic lacostebagsph lacosteonsale lacostephilippines lacosteshoes lacosteforsale lacostebagph lacostethailand lacosteshirt lacosteclassic lacostemanila lacostepolo lacostewatch lacosteshirts lacosteori lacostekids lacosteforless lacostetote lacostesale lacostesport lacosteindo lacostetotebag lacostetotes lacostedress lacosteoriginal lacosteña lacostepoloshirt lacostehorizontal lacosteoverruns lacostevertical lacostemen lacostewallet lacostewomen lacostehobo lacostebagsforsale lacostelowprice lacostewallets lacostebagsforsaleph lacostered lacostemalaysia lacostess15 lacostemetallic lacostefootwear lacosteauthorityph 
DegeSkinner :: degeskinner 
ErmannoScervino :: ermannoscervino ermannoscervinojunior ermannoscervinofrance ermannoscervinoshow ermannoscervinofashionshow 
Kenneth Cole / Reaction :: kennethcolereaction kennethcolereactionph kennethcolereactionbag kennethcolereactionwallet kennethcolereactions 
ChristianDiorSA :: christiandiorsale christiandiorsaddlebag christiandiorsandals christiandiorsafiano christiandiorsandles 
Oneill :: oneill oneills oneillwomens oneillgirls oneillcwc 
CymaWatches :: cymawatches 
OscarandJesus :: oscarandjesus oscarandjesusquotes 
Hermes :: hermes hermeskelly hermesbirkin hermesbag hermeslindy 
BellvilleSassoon :: bellvillesassoon bellvillesassoonexhibition bellvillesassoons 
HelmutLang :: helmutlang helmutlangarchive helmutlangvintage helmutlangbuckhead helmutlangskirt 
AlteresKiss :: 
LouisVuitton :: louisvuitton louisvuittonthailand louisvuittonbag louisvuittonspeedy louisvuittonbelt 
HeavyEco :: heavyeco heavyecodriving heavyeconbook 
Fia Miami :: fiamiami fiamiamibound 
John Smedley :: johnsmedley johnsmedleyknitwear johnsmedleyss14 johnsmedleys johnsmedleytour 
Aeffe S.P.A :: aeffespa 
MichaelKors :: michaelkors michaelkorswatch michaelkorsbag michaelkorsmurah michaelkorsindonesia 
Club Monaco :: clubmonaco clubmonacomotor clubmonacosg clubmonacoleggings clubmonacohk 
Paul Smith :: paulsmith paulsmiththailand paulsmithwallet paulsmithbag paulsmithdesign 
Norma Kamali :: normakamali normakamaliskirt normakamaliswim normakamaliswimwear normakamaliresort 
Gianni Versace :: gianniversace gianniversacecouture gianniversacehouse gianniversacemansion gianniversacesunglasses 
Akris :: akris akrispunto akrispfw akristieawesomepic akristenpassioneditcontestt 
Oilily :: oilily oililyworld oililykids oililybags oililykuwait 
Sisley :: sisley sisleyparis sisleychoi sisleythailand sisleyusa 
Damiani :: damiani damianivan damianisepic damianisaiah damianism 
FreyWille :: freywille freywillestyle freywillewam freywilleru freywillefake 
Babette Waserman :: babettewaserman 
Vokal :: vokal vokalis vokalist vokalmatador vokaloid 
MadeleineVramant :: madeleinevramant 
Crolla :: crolla crollare crollato crollata crollas 
Cartier :: cartier cartierlove cartierbracelet cartierlovebracelet cartierwatch 
NinaRicci :: ninaricci ninaricciperfume ninariccibag ninariccimaison ninaricciparis 
FridaGiannini :: fridagiannini fridagianninigenius fridagianninis fridagianninidesigne fridagianninileavinggucci 
Ellesse :: ellesse ellesseheritage ellesserimini ellesse1113 ellesseitalia 
ReemAlasadi :: reemalasadi 
Zero :: zero zerosecondninja zerofucksgiven zerofucks zerotolerance 
Celine :: celine celinebag celinetrapeze celinedion celinenano 
KarlLagerfeld :: karllagerfeld karllagerfeldtee karllagerfeldasli karllagerfeldt karllagerfeldwatch 
Ralph Lauren :: ralphlauren ralphlaurenthailand ralphlaurenpolo ralphlaurenshirt ralphlaurent 
Courrages :: courrages courragesarah courragesbag courragess 
Nike :: nike nikeplus nikeairmax nikerunning nikesb nikes nikeair niketalk nikefree nikemurah nikeid nikeshoes nikerosherun nikewomen nikerun nikebasketball nikeairmax90 nikefootball nikeairmaxmurah nikefreerun nikepro nikefuel nikeflyknit nikeairmaxthea nikeph nikethailand nikeoriginal nikeroshe nikeairmax1 nikecewek nikehk nikesocks nikerunningmurah nikegolf nikesportswear nikefuelband nikeelite nikeallday niketown nikeairforce nikecowok nikewoman nikeori nikesoccer nikeindonesia nikeairmaxone nikethea nike_sbholic nikeindo nikehead 
Converse :: converse conversemurah converses converseallstar converseori 
Fruit of the Loom :: fruitoftheloom fruitofthelooms fruitoftheloomjakarta fruitoftheloomboxers fruitoftheloomindonesia 
HollyFulton :: hollyfulton hollyfultonforradley hollyfultonss15 hollyfultonss13 hollyfultondress 
DianevonFurstenberg :: dianevonfurstenberg dianevonfurstenbergdress dianevonfurstenbergs dianevonfurstenbergbag dianevonfurstenbergshoes 
La Perla :: laperla laperlalingerie laperladelcaribe laperlanegra laperladelsur 
Versace :: versace versaceversace versaceversaceversace versaceshoes versacebelt 
KevanHall :: kevanhall kevanhallsport kevanhalldesigns kevanhalldesign kevanhallfashion 
Escada :: escada escadaria escadariaselaron escadas escadanutricional 
Eddie Bauer :: eddiebauer eddiebaueredition eddiebauerbaby eddiebauerph eddiebauercarseat 
L.L Bean :: llbean llbeanboots llbeantote llbeanトート llbeansignature 
HusseinChalayan :: husseinchalayan husseinchalayanxpuma husseinchalayanpuma husseinchalayanforpuma husseinchalayanarchive 
Aquascutum :: aquascutum aquascutumscarf aquascutumlondon aquascutumcap aquascutumshirt 
Gucci :: gucci guccibag guccimane guccibelt guccithailand 
Body Glove :: bodyglove bodyglovegirl bodyglove53 bodygloves bodygloveth 
Marc Jacobs :: marcjacobs marcjacobswatch marcjacobsthailand marcjacobscase marcjacobsbeauty 
JeremiePauzie :: 
Southpole :: southpole southpolep southpoleelf southpoleairsoft southpoleshirt 
Pepe Jeans :: pepejeans pepejeanslondon pepejeanscustomstudio pepejeansthailand pepejeansexperience 
TomasMaier :: tomasmaier tomasmaiercruiseresort2015 tomasmaierswimwear tomasmaiercandle tomasmaiercollaboration 
Dolce & Gabbana :: dolcegabbana dolcegabbanabag dolcegabbanaofficial dolcegabbanakids dolcegabbanashoes 
Giorgio Armani :: giorgioarmani giorgioarmanibeauty giorgioarmanicosmetics giorgioarmanimakeup giorgioarmanisi 
Paul Shark :: paulshark paulsharkrostov paulsharkkazan paulsharkpolo paulsharkhk 
Cerruti :: cerruti cerruti1881 cerrutishawl cerrutideluxe cerrutigeorgette 
NigelCabourn :: nigelcabourn nigelcabournwoman nigelcabournsnap nigelcabournauthentic nigelcabourne 
Vans :: vans vansmurah vansoffthewall vanswarpedtour vansauthentic vansera vansshoes vansofthewall vanshead vansoldskool vansoriginal vansph vanshk vansindo vansori vansindonesia vansgirls vanscalifornia vans_usa vanstribal vansoldschool vansthailand vansleopard vansgirl vansreplika vanseramurah vansmotif vansmalaysia vansusopen vansmurahbanget vansgalaxy vanssk8hi vansifc vansclassic vansmurmer vanslife vans_are_cool vanscewek vansmurahmeriah vansaddict vansbandung vanssk8 vanszapato vansera59 vansimport vansgsi vansheadid vansmadero vansskate vanswarpedtour2014 
Helly Hansen :: hellyhansen hellyhansenpanama hellyhansenvzla hellyhansenextremo hellyhansenjacket hellyhansenvenezuela hellyhansenwhistler hellyhansenrd hellyhansenshoes hellyhansenworkwear hellyhansenpty hellyhansens hellyhansendevold hellyhansenjakke hellyhansenlangevag hellyhansenmultiplaza hellyhansennewport hellyhansencoat hellyhansenoutlet hellyhansenpy hellyhansenchile hellyhansenpuertocalero hellyhansenhappy hellyhansenlangevåg hellyhansenskagenrace hellyhansenkids hellyhansencostazul hellyhansencatwalk hellyhansengranville hellyhansenboots hellyhansenwpanarena hellyhansenfreeridedm hellyhansenhat hellyhansenstorebarcelona hellyhansenswag hellyhansenportal hellyhansenbarcelona hellyhansenkroktrekker hellyhansenbankershall hellyhansengear hellyhansenaus hellyhansensprintcross hellyhansen_think_2014 hellyhansentrailteam hellyhansenbcn hellyhansenshirt hellyhansencap hellyhansenjacka hellyhansenbellevue hellyhansenk2 
Z. Cavaricci :: zcavaricci zcavariccis zcavariccijeans zcavariccipants zcavariccishorts 
Givenchy :: givenchy givenchyantigona givenchybag givenchyparis givenchymurah givenchytee givenchythailand givenchypandora givenchybambi givenchynightingale givenchyrottweiler givenchyshirt givenchysneakers givenchybambitee givenchyshoes givenchycase givenchybags givenchytshirt givenchyindonesia givenchycroco givenchyph givenchyfashion givenchymini givenchyboots givenchyclutch givenchysweater givenchymalaysia givenchyhk givenchy2014 givenchyofficial givenchybeauty givenchytote givenchyrottweilertee givenchylism givenchyantigonamini givenchyinspired givenchystyle givenchysharktee givenchymen givenchyreplica givenchyinternational givenchybamby givenchytshirtbambi givenchyplay givenchyshark givenchymakeup givenchyformen givenchywallet givenchyhandbag givenchybrazil 
Mulberry :: mulberry mulberrybag mulberryalexa mulberrystreet mulberryst 
Nancy Lord :: nancylord 
Avirex :: avirex avirexjacket avirexusa avirexleather avirextweedride 
JonBuscemi :: jonbuscemi jonbuscemi100mm jonbuscemishoes jonbuscemisneakers jonbuscemiaw14 
AllyCapellino :: allycapellino allycapellinoxmatisse allycapellinoxnuji allycapellinobag allycapellinofortate 
IsabelMarant :: isabelmarant isabelmarantsneakers isabelmarantpourhm isabelmarantetoile isabelmarantshoes 
Pink Lime :: pinklime pinklimeshoppe pinklimegreen pinklimeade pinklimesalon 
Faconnable :: faconnable faconnablerd faconnablepanama faconnablexjeancocteau faconnablepr 
Mainbocher :: mainbocher mainbochercorset mainbocherdress mainbochercouture mainbochereitheryouknoworyoudon 
Michael Robinson :: michaelrobinson michaelrobinsonpt michaelrobinsongoingawayparty michaelrobinson26 michaelrobinsonisgod 
ChristianLouboutin :: christianlouboutin christianlouboutins christianlouboutinshoes christianlouboutinsneakers christianlouboutinheels 
Eliott & Lucca :: eliottlucca eliottluccawristlet eliottluccabag 
PhillipLim :: philliplim philliplimfortarget philliplimpashli philliplimbag philliplimnano 
Agatha :: agatha agathachristie agatharuizdelaprada agathaparis agathas 
